Primary Name,Variation
Salt,Sodium Chloride
Salt,Table Salt
Salt,Sea Salt
Salt,Himalayan Pink Salt
Salt,Kosher Salt
Salt,Fleur de Sel
Salt,Iodized Salt
Salt,Non-Iodized Salt
Salt,Rock Salt
Salt,Crystal Salt
Salt,Salt (Sodium)
Salt,Salt
Sugar,Sucrose
Sugar,Table Sugar
Sugar,Granulated Sugar
Sugar,Caster Sugar
Sugar,Powdered Sugar
Sugar,Confectioners' Sugar
Sugar,Brown Sugar
Sugar,Raw Sugar
Sugar,Demerara Sugar
Sugar,Muscovado
Sugar,Turbinado Sugar
Sugar,Beet Sugar
Sugar,Cane Sugar
Sugar,Fruit Sugar
Sugar,Glucose
Sugar,Fructose
Sugar,Honey
Sugar,Maple Syrup
Sugar,Corn Syrup
Sugar,High Fructose Corn Syrup
Sugar,invert sugar
Sugar,Sugar
Flour,Wheat Flour
Flour,All-Purpose Flour
Flour,Bread Flour
Flour,Cake Flour
Flour,Pastry Flour
Flour,Self-Rising Flour
Flour,Semolina
Flour,Durum Flour
Flour,Gluten Flour
Flour,Graham Flour
Flour,Whole Wheat Flour
Flour,Unbleached Flour
Flour,Bleached Flour
Flour,Farina
Flour,'00' Flour
Flour,Flour
Oil,Vegetable Oil
Oil,Soybean Oil
Oil,Corn Oil
Oil,Canola Oil
Oil,Olive Oil
Oil,Coconut Oil
Oil,Palm Oil
Oil,Sunflower Oil
Oil,Rapeseed Oil
Oil,Peanut Oil
Oil,Sesame Oil
Oil,Avocado Oil
Oil,Grapeseed Oil
Oil,Shortening
Oil,Oil
Vinegar,Distilled White Vinegar
Vinegar,Apple Cider Vinegar
Vinegar,Wine Vinegar
Vinegar,Balsamic Vinegar
Vinegar,Rice Vinegar
Vinegar,Malt Vinegar
Vinegar,White Vinegar
Vinegar,Vinegar
Water,H2O
Water,Hydrated Water
Water,Aqua
Water,Water
Yeast,Baker’s Yeast
Yeast,Brewer’s Yeast
Yeast,Nutritional Yeast
Yeast,Saccharomyces cerevisiae
Yeast,Yeast
Cornstarch,Maize Starch
Cornstarch,Maize Flour
Cornstarch,Modified Cornstarch
Cornstarch,Corn Flour
Cornstarch,Tapioca Starch (sometimes used interchangeably)
Cornstarch,Cornstarch
Citric Acid,E330
Citric Acid,Lemon Acid
Citric Acid,Citrate
Citric Acid,Monocalcium Citrate
Citric Acid,Tricalcium Citrate
Citric Acid,Sodium Citrate
Citric Acid,Potassium Citrate
Citric Acid,Citric Acid
Lecithin,Lecithins
Lecithin,Soy Lecithin
Lecithin,Sunflower Lecithin
Lecithin,Egg Lecithin
Lecithin,E322
Lecithin,Phosphatidylcholine
Lecithin,Phosphatidylethanolamine
Lecithin,Phosphatidylinositol
Lecithin,Phosphatidylserine
Lecithin,Lecithin
Artificial Flavor,Natural Flavor
Artificial Flavor,Artificial Flavoring
Artificial Flavor,Flavor
Artificial Flavor,Flavoring
Artificial Flavor,Spice Extract
Artificial Flavor,Nature-Identical Flavor
Artificial Flavor,Flavor Concentrate
Artificial Flavor,Artificial Natural Flavor
Artificial Flavor,Flavor Blend
Artificial Flavor,Artificial Flavor
Red 40,Allura Red AC
Red 40,E129
Red 40,Red 2G
Red 40,Red 40
Yellow 5,Tartrazine
Yellow 5,E102
Yellow 5,Yellow 5
Blue 1,Brilliant Blue FCF
Blue 1,CI 13320
Blue 1,Misspelled: Blue 1st
Blue 1,Blue 1
Sodium Benzoate,Benzoic Acid
Sodium Benzoate,Sodium Benzoate
Sodium Benzoate,E211
Sodium Benzoate,Preservative
Sodium Benzoate,Sodium Benzoate
Potassium Sorbate,Sorbic Acid Potassium Salt
Potassium Sorbate,E202
Potassium Sorbate,Potassium Potassium Sorbate
Potassium Sorbate,Potassium Sorbate
Ascorbic Acid,Vitamin C
Ascorbic Acid,Vitamin C Acid
Ascorbic Acid,E300
Ascorbic Acid,Acerbic Acid
Ascorbic Acid,Ascorbate
Ascorbic Acid,Ascorbic Acid
Monosodium Glutamate,MSG
Monosodium Glutamate,E621
Monosodium Glutamate,Vetsin
Monosodium Glutamate,Accent
Monosodium Glutamate,Hydrolyzed Vegetable Protein (often contains MSG)
Monosodium Glutamate,Yeast Extract (often contains MSG)
Monosodium Glutamate,Monosodium Glutamate
Cocoa,Cacao
Cocoa,Cocoa Powder
Cocoa,Chocolate
Cocoa,Dutch Processed Cocoa
Cocoa,Natural Cocoa
Cocoa,Baking Chocolate
Cocoa,Cocoa Mass
Cocoa,Chocolate Liquor
Cocoa,Cocoa
Vanilla,Vanilla Extract
Vanilla,Vanilla Bean
Vanilla,Vanilla Powder
Vanilla,Vanilla Flavor
Vanilla,Natural Vanilla
Vanilla,Artificial Vanilla
Vanilla,Bourbon Vanilla
Vanilla,Vanilla Essence
Vanilla,Vanilla
Milk,Cow's Milk
Milk,Skim Milk
Milk,Low-Fat Milk
Milk,Whole Milk
Milk,2% Milk
Milk,Buttermilk
Milk,Evaporated Milk
Milk,Condensed Milk
Milk,Milk Powder
Milk,Milk Solids
Milk,Whey
Milk,Lactose
Milk,Milk
Soy,Soybean
Soy,Soybean Oil
Soy,Soybean Lecithin
Soy,Soy Flour
Soy,Soy Protein
Soy,Hydrolyzed Soy Protein
Soy,Textured Vegetable Protein (TVP)
Soy,Soy Sauce
Soy,Edamame
Soy,Tofu
Soy,Tempeh
Soy,Natto
Soy,Soy Milk
Soy,Fermented Soy
Soy,Soy Protein Isolate
Soy,Defatted Soy Flour
Soy,Soy Fiber
Soy,Soy
Acetic Acid,Vinegar
Acetic Acid,White Vinegar
Acetic Acid,Apple Cider Vinegar
Acetic Acid,Malt Vinegar
Acetic Acid,Balsamic Vinegar
Acetic Acid,Acetic Acid
Acesulfame Potassium,Ace-K
Acesulfame Potassium,Acesulfame K
Acesulfame Potassium,E950
Acesulfame Potassium,Potassium Acesulfame
Acesulfame Potassium,Acesulfame Potassium
Advantame,3
Advantame,4-Dihydoxy-5-methylphenyl-N-(1-methylpropyl)guanidine
Advantame,Advantame
Air,N/A
Air,not an ingredient listed)
Air,Air
Lemon,Lemon Juice
Lemon,Lemon Zest
Lemon,Citric Acid
Lemon,Lemon Extract
Lemon,Lemon
Eggs,Egg
Eggs,Egg White
Eggs,Egg Yolk
Eggs,Dried Egg
Eggs,Dried Egg White
Eggs,Egg Powder
Eggs,Eggs
Butter,Butter
Butter,Salted Butter
Butter,Unsalted Butter
Butter,Clarified Butter
Butter,Ghee
Butter,Butter
Chocolate,Chocolate
Chocolate,Dark Chocolate
Chocolate,Milk Chocolate
Chocolate,White Chocolate
Chocolate,Cocoa Powder
Chocolate,Cocoa Mass
Chocolate,Cacao
Chocolate,Cacao Nibs
Chocolate,Chocolate Liquor
Chocolate,Chocolate
Corn,Maize
Corn,Corn Syrup
Corn,Corn Starch
Corn,Corn Flour
Corn,Cornmeal
Corn,Sweetcorn
Corn,Popcorn
Corn,Corn Oil
Corn,Corn Gluten
Corn,Yellow Corn
Corn,White Corn
Corn,Maize Starch
Corn,Corn Grits
Corn,Polenta
Corn,Hominy
Corn,Corn
Spices (General),Spice Blend
Spices (General),Seasoning
Spices (General),Flavoring
Spices (General),Spices (General)
Onion,Onion Powder
Onion,Dried Onion
Onion,Caramelized Onion
Onion,Onion
Garlic,Garlic Powder
Garlic,Garlic Salt
Garlic,Dried Garlic
Garlic,Garlic
Paprika,Sweet Paprika
Paprika,Smoked Paprika
Paprika,Hot Paprika
Paprika,Paprika
Turmeric,Curcumin
Turmeric,Curcuma
Turmeric,Turmeric
Cinnamon,Cassia Cinnamon
Cinnamon,Ceylon Cinnamon
Cinnamon,Cinnamon
Pepper,Black Pepper
Pepper,White Pepper
Pepper,Peppercorns
Pepper,Piperine
Pepper,Pepper
MSG,Monosodium Glutamate
MSG,MSG
MSG,E621
MSG,Veteglutamate
MSG,Nooch
MSG,Yeast Extract (often contains MSG)
MSG,Hydrolyzed Vegetable Protein (HVP) (often contains MSG)
MSG,Autolyzed Yeast (often contains MSG)
MSG,Natural Flavor (may contain MSG)
MSG,Flavor Enhancer
MSG,Umami
MSG,Accent (brand name)
MSG,Ajinomoto (brand name)
MSG,MSG
Caramel Color,Caramel
Caramel Color,Caramel Colour
Caramel Color,E150a
Caramel Color,E150b
Caramel Color,E150c
Caramel Color,E150d
Caramel Color,Burnt Sugar
Caramel Color,Caramel Color
Potassium Chloride,Potassium Salt
Potassium Chloride,Salt Substitute
Potassium Chloride,E508 (E number)
Potassium Chloride,Potassium Chloride
Alginate,Sodium Alginate
Alginate,Potassium Alginate
Alginate,Calcium Alginate
Alginate,Algin
Alginate,Brown Algae Extract
Alginate,Laminarin
Alginate,Fucan
Alginate,Seaweed Extract
Alginate,Alginic Acid Salt
Alginate,E406
Alginate,E 406
Alginate,alginate salts
Alginate,algin
Alginate,Alginate
Allulose,Psicose
Allulose,D-Allulose
Allulose,D-Psicose
Allulose,Allulose
Allulose,D-Allulose
Allulose,Allulose
Xanthan Gum,Xanthan Gum
Xanthan Gum,E415
Xanthan Gum,Gellan Gum (sometimes grouped with xanthan gum alternatives)
Xanthan Gum,Xanthan Gum
Mono and Diglycerides,Glycerol Monostearate
Mono and Diglycerides,Glycerol Disterate
Mono and Diglycerides,Monoglycerides
Mono and Diglycerides,Diglycerides
Mono and Diglycerides,E471 (Europe)
Mono and Diglycerides,Mono and Diglycerides
Vanilla Extract,Vanilla
Vanilla Extract,Vanilla Flavoring
Vanilla Extract,Artificial Vanilla
Vanilla Extract,Vanilla Bean Extract
Vanilla Extract,Vanilla Extract
Corn Syrup,Maize Syrup
Corn Syrup,Glucose Syrup.
Corn Syrup,Corn Syrup
Carrageenan,Irish Moss
Carrageenan,Chondrus Crispus
Carrageenan,E407 (E number)
Carrageenan,Carrageenan
Natural Flavors,Flavor
Natural Flavors,Flavours
Natural Flavors,Natural Flavoring
Natural Flavors,Natural Flavor
Natural Flavors,Natural Flavors
Silicon Dioxide,Silica
Silicon Dioxide,Silicic Acid
Silicon Dioxide,E551 (E number)
Silicon Dioxide,Silicon Dioxide
Phosphoric Acid,Food Acid
Phosphoric Acid,E338
Phosphoric Acid,Phosphoric Acid
Calcium Carbonate,Limestone
Calcium Carbonate,Chalk
Calcium Carbonate,Oyster Shell
Calcium Carbonate,Dolomite
Calcium Carbonate,E170 (historically)
Calcium Carbonate,Calcium Carbonate
Aloe Vera,Aloe
Aloe Vera,Aloe Vera Leaf Extract
Aloe Vera,Aloe Barbadensis Leaf Juice
Aloe Vera,Aloe Barbadensis Leaf Extract
Aloe Vera,Aloe Vera Gel
Aloe Vera,Aloe Vera Extract
Aloe Vera,Aloe Vera Concentrate
Aloe Vera,Aloe Vera Powder
Aloe Vera,Aloe Vera Leaf
Aloe Vera,Aloe Vera Sap
Aloe Vera,Aloe Vera Leaf Powder
Aloe Vera,Aloe
Aloe Vera,Aloe Vera
Gluten,Wheat Gluten
Gluten,Vital Wheat Gluten
Gluten,Triticum Gluten
Gluten,Gluten Protein
Gluten,Modified Food Starch (may contain gluten)
Gluten,Gluten
Olive Oil,Extra Virgin Olive Oil
Olive Oil,Virgin Olive Oil
Olive Oil,Refined Olive Oil
Olive Oil,Pomace Olive Oil
Olive Oil,Olive Oil
Olive Oil,Olea europaea Oil
Olive Oil,Olive Oil
Ammonium Compounds,Ammonium
Ammonium Compounds,Ammonium Salts
Ammonium Compounds,Nitrogen Compounds
Ammonium Compounds,Ammonia Compounds
Ammonium Compounds,Ammonium Hydroxide
Ammonium Compounds,Ammonium Carbonate
Ammonium Compounds,Ammonium Bicarbonate
Ammonium Compounds,Ammonium Phosphate
Ammonium Compounds,Ammonium Sulfate
Ammonium Compounds,Diammonium Phosphate
Ammonium Compounds,Monoammonium Phosphate
Ammonium Compounds,Ammonium Chloride
Ammonium Compounds,Ammonium Lactate
Ammonium Compounds,Ammonium Citrate
Ammonium Compounds,Ammonium Acetate
Ammonium Compounds,Ammonium Formate
Ammonium Compounds,Ammonium Propionate
Ammonium Compounds,Ammonium Gluconate
Ammonium Compounds,Ammonium Benzoate
Ammonium Compounds,Ammonium Malate
Ammonium Compounds,Ammonium Succinate
Ammonium Compounds,Ammonium Tartrate
Ammonium Compounds,Ammonium Phosphate Dibasic
Ammonium Compounds,Ammonium Phosphate Monobasic
Ammonium Compounds,Ammonium Nitrate
Ammonium Compounds,Ammonium Persulfate
Ammonium Compounds,Ammonium Thiocyanate
Ammonium Compounds,Ammonium Fluoride
Ammonium Compounds,Ammonium Chloride
Ammonium Compounds,Ammonium Sulphate
Ammonium Compounds,Ammonium Hydroxide (NH4OH)
Ammonium Compounds,Aqua Ammonia
Ammonium Compounds,Household Ammonia
Ammonium Compounds,Ammonia Solution
Ammonium Compounds,Anhydrous Ammonia
Ammonium Compounds,NH4+
Ammonium Compounds,Ammonium Alginate
Ammonium Compounds,Ammonium Hydroxide Solution
Ammonium Compounds,Ammonium Glycinate
Ammonium Compounds,Ammonium Oxide
Ammonium Compounds,Ammonium Compounds
Corn Starch,Maize Starch
Corn Starch,Maize Flour
Corn Starch,Starch
Corn Starch,Corn Starch
Modified Food Starch,Cornstarch
Modified Food Starch,Starch
Modified Food Starch,Tapioca Starch
Modified Food Starch,Potato Starch
Modified Food Starch,Arrowroot Starch
Modified Food Starch,Modified Food Starch
Amylase,Alpha-amylase
Amylase,Pancreatic amylase
Amylase,Salivary amylase
Amylase,Amylase enzyme
Amylase,1
Amylase,4-alpha-glucanase
Amylase,1
Amylase,4-alpha-glucosidase
Amylase,Grain Amylase
Amylase,Bacillus amylase
Amylase,Aspergillus amylase
Amylase,Termamyl
Amylase,Liquamyl
Amylase,Amylase preparation
Amylase,diastase
Amylase,Amylase
Annatto,Annatto Extract
Annatto,Bixin
Annatto,Norbixin
Annatto,E160
Annatto,Annatto
Artificial Flavoring,Artificial Flavor
Artificial Flavoring,Artificial Flavorant
Artificial Flavoring,Nature-Identical Flavor
Artificial Flavoring,Processed Flavor
Artificial Flavoring,Synthetic Flavor
Artificial Flavoring,Flavoring
Artificial Flavoring,Flavor
Artificial Flavoring,Artificial Flavoring
Natural Flavoring,Natural Flavor
Natural Flavoring,Natural Flavorant
Natural Flavoring,Essence
Natural Flavoring,Extract
Natural Flavoring,Fruit Juice Concentrate
Natural Flavoring,Spice Extract
Natural Flavoring,Vegetable Extract
Natural Flavoring,Plant Extract
Natural Flavoring,Botanical Extract
Natural Flavoring,Spice
Natural Flavoring,Herb
Natural Flavoring,"""Derived from natural sources"""
Natural Flavoring,Natural Flavoring
Monocalcium Phosphate,MCP
Monocalcium Phosphate,Calcium Phosphate
Monocalcium Phosphate,Dicalcium Phosphate
Monocalcium Phosphate,Tricalcium Phosphate (related)
Monocalcium Phosphate,Monocalcium Phosphate
Dicalcium Phosphate,DCP
Dicalcium Phosphate,Calcium Phosphate
Dicalcium Phosphate,Dicalcium Phosphate
Tricalcium Phosphate,TCP
Tricalcium Phosphate,Calcium Phosphate
Tricalcium Phosphate,Tricalcium Phosphate
Yellow 6,Sunset Yellow FCF
Yellow 6,CI 15950
Yellow 6,Misspelled: Yelllow 6
Yellow 6,Yellow 6
Blue 2,Indigo Carmine
Blue 2,CI 13880
Blue 2,Misspelled: Indego Carmine
Blue 2,Blue 2
Guar Gum,Guar Gum Powder
Guar Gum,Cyanotis Guamensis Gum
Guar Gum,E412
Guar Gum,Guar Gum
Whey,Whey Protein
Whey,Dried Whey
Whey,Whey Solids
Whey,Dehydrated Whey
Whey,Lactoserum (Italian)
Whey,Molkenprotein (German)
Whey,Whey
Agar-Agar,Kanten
Agar-Agar,Japanese Gelatin
Agar-Agar,E401
Agar-Agar,Agar-Agar
Mono- and Diglycerides,Glycerol Monostearate
Mono- and Diglycerides,Glycerin Monostearate
Mono- and Diglycerides,E471
Mono- and Diglycerides,Mono- and Diglycerides of Fatty Acids
Mono- and Diglycerides,Diglycerides
Mono- and Diglycerides,Monoglycerides
Mono- and Diglycerides,Emulsifier
Mono- and Diglycerides,Mono- and Diglycerides
Sodium Erythorbate,Erythorbic Acid
Sodium Erythorbate,Sodium Ascorbate Erythorbate
Sodium Erythorbate,Erythorbate Sodium
Sodium Erythorbate,E333 (E number)
Sodium Erythorbate,Sodium Erythrobate
Sodium Erythorbate,Erythorbic Sodium
Sodium Erythorbate,Sodium Erythorbate
Calcium Lactate,Lactate
Calcium Lactate,Milk Lactate
Calcium Lactate,E327 (Europe)
Calcium Lactate,Calcium Lactate
Sodium Erythrosulphate,E230 (European numbering)
Sodium Erythrosulphate,Sodium Erythrosulphate
Tocopherols,Vitamin E
Tocopherols,Vitamin E Oil
Tocopherols,Mixed Tocopherols
Tocopherols,Alpha-Tocopherol
Tocopherols,Beta-Tocopherol
Tocopherols,Gamma-Tocopherol
Tocopherols,Delta-Tocopherol
Tocopherols,Natural Tocopherols
Tocopherols,E306
Tocopherols,E307
Tocopherols,Tocopherols
Sorbic Acid,Sorbic Acid
Sorbic Acid,2
Sorbic Acid,4-Hexadienoic Acid
Sorbic Acid,Potassium Sorbate
Sorbic Acid,Potassium 2
Sorbic Acid,4-Hexadienoate
Sorbic Acid,E200 (Europe)
Sorbic Acid,E202 (Potassium Sorbate)
Sorbic Acid,Sorbic Acid Salts
Sorbic Acid,Sorbates
Sorbic Acid,Sorbic Acid
Artificial Flavors,Artificial Flavor
Artificial Flavors,Artificial Flavoring
Artificial Flavors,Artificial Flavors
Artificial Sweeteners,Aspartame
Artificial Sweeteners,NutraSweet
Artificial Sweeteners,Equal
Artificial Sweeteners,L-Aspartic Acid
Artificial Sweeteners,L-Alanine
Artificial Sweeteners,Amino Sweet
Artificial Sweeteners,Sweet One
Artificial Sweeteners,Benzalzone (historical)
Artificial Sweeteners,Artificial Sweeteners
Saccharin,Sweet'N Low
Saccharin,Sodium Saccharin
Saccharin,Calcium Saccharin
Saccharin,Potassium Saccharin
Saccharin,E954
Saccharin,Cyclamate (often incorrectly paired)
Saccharin,Ortho-sulfobenzoic imide
Saccharin,Saccharin
Sucralose,Splenda
Sucralose,E955
Sucralose,Triton K 600 (manufacturing process ingredient
Sucralose,not present in final product)
Sucralose,Talulose (related compound)
Sucralose,Super Splenda
Sucralose,Sucralose K Salt (potassium salt form)
Sucralose,Sucralose
Neotame,N-Acetyl-L-Aspartyl-N-Phenylalanine Methyl Amide
Neotame,Neotame Sweetener
Neotame,NutraSweet Alternative
Neotame,Aspartame Replacement
Neotame,Sweetener 355
Neotame,Neotame
Cyclamates,Sodium Cyclamate
Cyclamates,Calcium Cyclamate
Cyclamates,Cyclamic Acid
Cyclamates,Nutra Cyclamate
Cyclamates,Cyclamates
Xylitol,Xylite
Xylitol,Wood Sugar
Xylitol,Birch Sugar
Xylitol,Corn-derived Xylitol
Xylitol,Xylit
Xylitol,Xylitol Sweetener
Xylitol,E967
Xylitol,Xylitol
Stevia,Rebaudioside A
Stevia,Steviol Glycosides
Stevia,Natural Sweetener
Stevia,Plant Extract
Stevia,Stevia
Monk Fruit Extract,Monk Fruit
Monk Fruit Extract,Luo Han Guo
Monk Fruit Extract,Luo Han Guo Extract
Monk Fruit Extract,Buddha’s Fruit
Monk Fruit Extract,Buddha’s Melon
Monk Fruit Extract,Buddha's Hand Melon
Monk Fruit Extract,Siraitia grosvenorii extract
Monk Fruit Extract,Siraitia extract
Monk Fruit Extract,Fruit Extract
Monk Fruit Extract,Monk Fruit Sweetener
Monk Fruit Extract,Luo Han Guo Powder
Monk Fruit Extract,Siraitia grosvenorii fruit extract
Monk Fruit Extract,Siraitia grosvenorii powder
Monk Fruit Extract,Monk Fruit Powder
Monk Fruit Extract,Misspelling: Monck Fruit
Monk Fruit Extract,Monk Fruit Extract
Thaumatin,EverSweet
Thaumatin,Talazyme
Thaumatin,Lo Han Kuo
Thaumatin,Miracle Fruit
Thaumatin,Natreon
Thaumatin,Kaynatural
Thaumatin,Santan Gum
Thaumatin,Sweetener Protein
Thaumatin,E957
Thaumatin,Fruit Protein
Thaumatin,E 957
Thaumatin,Natamin
Thaumatin,Thaumatin
Dihydroxyacetone (DHA),Milk Sugar (in tanning products)
Dihydroxyacetone (DHA),Dihydroxyacetone (DHA)
Cyclo-Dextrin,Alpha-Cyclodextrin
Cyclo-Dextrin,Beta-Cyclodextrin
Cyclo-Dextrin,Gamma-Cyclodextrin
Cyclo-Dextrin,Cyclodextrin
Cyclo-Dextrin,Cyclo-Dextrin
Ascorbyl Palmitate,Vitamin C Ester
Ascorbyl Palmitate,Ascorbyl Palmitate
Ascorbyl Palmitate,Palmitoyl Ascorbate
Ascorbyl Palmitate,Ascorbic Acid Palmitate
Ascorbyl Palmitate,Vitamin C Palmitate
Ascorbyl Palmitate,Tocopheryl Palmitate (often confused - structurally similar)
Ascorbyl Palmitate,Mixed Tocopherols (further confusion)
Ascorbyl Palmitate,Ascorbyl Palmitate
Erythritol,1
Erythritol,2
Erythritol,3
Erythritol,4-Tetrahydroxybutane
Erythritol,Erythrose
Erythritol,Sugar Alcohol
Erythritol,Sweetener
Erythritol,Erythritol
Dextrose,Glucose
Dextrose,Corn Sugar
Dextrose,D-Glucose
Dextrose,Dextrose
Maltodextrin,Maltose Dextrin
Maltodextrin,Corn Dextrose
Maltodextrin,Dextrin
Maltodextrin,C6H10O5 (n) (general formula)
Maltodextrin,Maltodextrin
Methylcellulose,MC
Methylcellulose,Methyl Cellulose
Methylcellulose,Cellulose Ether
Methylcellulose,E461
Methylcellulose,Methylcellulose
Glycerin,Glycerol
Glycerin,Glycerine
Glycerin,1
Glycerin,2
Glycerin,3-Propanetriol
Glycerin,Glycerin
Aspartame,NutraSweet
Aspartame,AminoSweet
Aspartame,Equal
Aspartame,N-methyl-L-aspartyl-L-phenylalanine methyl ester
Aspartame,L-aspartyl-L-phenylalanine methyl ester
Aspartame,APM
Aspartame,E951 (Europe)
Aspartame,Aspartame
Autolyzed Yeast Extract,Hydrolyzed Yeast Protein
Autolyzed Yeast Extract,Yeast Extract
Autolyzed Yeast Extract,Natural Flavor
Autolyzed Yeast Extract,Nutritional Yeast
Autolyzed Yeast Extract,Autolysed Yeast Extract
Autolyzed Yeast Extract,Yeast Autolate
Autolyzed Yeast Extract,Fermented Yeast Extract
Autolyzed Yeast Extract,Yeast Condensate
Autolyzed Yeast Extract,Marmite (brand-specific)
Autolyzed Yeast Extract,Autolyzed Yeast Extract
Azodicarbonamide,ADM
Azodicarbonamide,ADCA
Azodicarbonamide,Flour Bleaching Agent
Azodicarbonamide,Dough Conditioner
Azodicarbonamide,KODA AZO-W
Azodicarbonamide,Purified Wheat Starch (may contain)
Azodicarbonamide,Bread Improver
Azodicarbonamide,E974
Azodicarbonamide,Food Bleaching Agent
Azodicarbonamide,Processed Wheat Starch (may contain)
Azodicarbonamide,Gluten (may contain)
Azodicarbonamide,Dough Strengthener
Azodicarbonamide,Peroxide Stabilizer
Azodicarbonamide,Wheat Starch (may contain)
Azodicarbonamide,Azobiscarbamide
Azodicarbonamide,ABC
Azodicarbonamide,Azeodicarbonamide
Azodicarbonamide,Azodicarbonamide Food Grade
Azodicarbonamide,Bread Conditioner
Azodicarbonamide,Bixa Orellana (may contain due to colorant removal process)
Azodicarbonamide,Azodicarbonamide
Beta-carotene,Provitamin A
Beta-carotene,B-Carotene
Beta-carotene,Beta Carotene
Beta-carotene,Cartenoid
Beta-carotene,Carotenoid
Beta-carotene,Beta-carotene natural
Beta-carotene,Beta-carotene oil
Beta-carotene,Beta-carotene extract
Beta-carotene,Beta-carotene enriched
Beta-carotene,β-carotene
Beta-carotene,B carotene.
Beta-carotene,Beta-carotene
Brazzein,Brazzeia
Brazzein,Brazzein-like compounds
Brazzein,Brazzein derivative
Brazzein,synthetic brazzein
Brazzein,taste modifier
Brazzein,sweetness enhancer
Brazzein,flavor enhancer
Brazzein,Brazzein
Brominated Vegetable Oil (BVO),E635
Brominated Vegetable Oil (BVO),BVO
Brominated Vegetable Oil (BVO),Bromated Soybean Oil
Brominated Vegetable Oil (BVO),Brominated Soybean Oil
Brominated Vegetable Oil (BVO),Vegetable Oil with BVO
Brominated Vegetable Oil (BVO),Stabilized Citrus Oil
Brominated Vegetable Oil (BVO),Citrus Oil (stabilized with BVO)
Brominated Vegetable Oil (BVO),BVO additive
Brominated Vegetable Oil (BVO),Brominated Oil
Brominated Vegetable Oil (BVO),Vegetable Oil (brominated)
Brominated Vegetable Oil (BVO),Allura Red AC stabilized
Brominated Vegetable Oil (BVO),Red 40 stabilized
Brominated Vegetable Oil (BVO),(may contain brominated vegetable oil) - *Note: This is often used to indicate BVO presence without directly listing it.
Brominated Vegetable Oil (BVO),Brominated Vegetable Oil (BVO)
Butylated Hydroxyanisole (BHA),BHA
Butylated Hydroxyanisole (BHA),Butylated Hydroxyanisole
Butylated Hydroxyanisole (BHA),2-tert-Butyl-4-hydroxyanisole
Butylated Hydroxyanisole (BHA),2-tert-Butyl-p-hydroxyanisole
Butylated Hydroxyanisole (BHA),E320
Butylated Hydroxyanisole (BHA),Butylated Anisole
Butylated Hydroxyanisole (BHA),Antioxidant BHA
Butylated Hydroxyanisole (BHA),Butylated Hydroxyanisole (BHA)
Lactic Acid,Milksäure (German)
Lactic Acid,Lactase Acid
Lactic Acid,2-Hydroxypropanoic Acid
Lactic Acid,Delta-Lactonic Acid
Lactic Acid,Lactate
Lactic Acid,Sodium Lactate
Lactic Acid,Potassium Lactate
Lactic Acid,Calcium Lactate
Lactic Acid,Magnesium Lactate
Lactic Acid,L-Lactic Acid
Lactic Acid,D-Lactic Acid
Lactic Acid,Lactulose (related)
Lactic Acid,Lactic Acid
Butylated Hydroxytoluene (BHT),BHT
Butylated Hydroxytoluene (BHT),Butylated-hydroxytoluene
Butylated Hydroxytoluene (BHT),2
Butylated Hydroxytoluene (BHT),6-Di-tert-butyl-4-methylphenol
Butylated Hydroxytoluene (BHT),Dibutylhydroxytoluene
Butylated Hydroxytoluene (BHT),Antioxidant 321
Butylated Hydroxytoluene (BHT),E321
Butylated Hydroxytoluene (BHT),2
Butylated Hydroxytoluene (BHT),6-Bis(1
Butylated Hydroxytoluene (BHT),1-dimethylethyl)-4-methylphenol
Butylated Hydroxytoluene (BHT),Butylated Hydroxytoluene (BHT)
Caffeine,Guaranate
Caffeine,Methylxanthine
Caffeine,1
Caffeine,3
Caffeine,7-Trimethylxanthine
Caffeine,1
Caffeine,3
Caffeine,7-Trimethylxantine
Caffeine,1
Caffeine,3
Caffeine,7-Trimethylpurine
Caffeine,Mateine (from Yerba Mate)
Caffeine,Kofein (less common
Caffeine,often in European contexts)
Caffeine,Caffeine
Gelatin,Gelatine
Gelatin,Animal Gelatin
Gelatin,Collagen Hydrolysate
Gelatin,Collagen
Gelatin,Gelatin
Calcium Propionate,Propionic Acid Calcium Salt
Calcium Propionate,Calcium Propionate Salt
Calcium Propionate,Calcium 3-Propionate
Calcium Propionate,E282
Calcium Propionate,Propionate Calcium
Calcium Propionate,Calcium Propanoate
Calcium Propionate,Calcium Propionate Granules
Calcium Propionate,Calcium Propionate Powder
Calcium Propionate,Calcium Propionate Fine
Calcium Propionate,Calcium Propionate
Yeast Extract,Autolyzed Yeast Extract
Yeast Extract,Hydrolyzed Vegetable Protein
Yeast Extract,Natural Flavor
Yeast Extract,Fermented Yeast Extract
Yeast Extract,Nutritional Yeast
Yeast Extract,Yeast Extract
Cannabidiol,CBD
Cannabidiol,Cannabidiol Oil
Cannabidiol,CBD Oil
Cannabidiol,Hemp-Derived Cannabidiol
Cannabidiol,Full-Spectrum Cannabidiol
Cannabidiol,Broad-Spectrum CBD
Cannabidiol,CBD Isolate
Cannabidiol,Phytocannabinoids (when accompanied by CBD)
Cannabidiol,Hemp Extract (can be misleading
Cannabidiol,often contains CBD)
Cannabidiol,Hemp Oil (can be misleading
Cannabidiol,often contains CBD)
Cannabidiol,CBDistillery
Cannabidiol,Charlotte's Web (brand name often associated)
Cannabidiol,Cannabidione (related compound)
Cannabidiol,Cannabinol (CBN) (related compound)
Cannabidiol,Tetrahydrocannabinol (THC) (related compound - often present in trace amounts)
Cannabidiol,CBG (Cannabigerol) (related compound)
Cannabidiol,Cannabidiol
Caramel Coloring,Caramel
Caramel Coloring,Caramel Color
Caramel Coloring,E150
Caramel Coloring,Caramelia
Caramel Coloring,Caramel Extract
Caramel Coloring,Caramel Syrup
Caramel Coloring,Class I Caramel
Caramel Coloring,Class II Caramel
Caramel Coloring,Class III Caramel
Caramel Coloring,Class IV Caramel
Caramel Coloring,Brown Caramel
Caramel Coloring,Plain Caramel
Caramel Coloring,Sulfite Caramel (if sulfites are present)
Caramel Coloring,Caramel Powder
Caramel Coloring,Caramel Liquid
Caramel Coloring,Caramel Solution
Caramel Coloring,Brown Color
Caramel Coloring,Coloring
Caramel Coloring,E150a
Caramel Coloring,E150b
Caramel Coloring,E150c
Caramel Coloring,E150d
Caramel Coloring,Caramelized Sugar
Caramel Coloring,Misspellings: Caramal
Caramel Coloring,Caramal Color
Caramel Coloring,Caramel Coloring
Carbon Dioxide,Carbonated Water
Carbon Dioxide,Soda Water
Carbon Dioxide,Sparkling Water
Carbon Dioxide,Fizzy Water
Carbon Dioxide,CO2
Carbon Dioxide,Dry Ice
Carbon Dioxide,Supercritical CO2
Carbon Dioxide,Compressed Gas
Carbon Dioxide,Carbon Dioxide Gas
Carbon Dioxide,E290 (EU)
Carbon Dioxide,Carbon Dioxide
Carboxymethyl Cellulose,CMC
Carboxymethyl Cellulose,Cellulose Gum
Carboxymethyl Cellulose,Tylose
Carboxymethyl Cellulose,Alginate
Carboxymethyl Cellulose,FiberGum
Carboxymethyl Cellulose,E466
Carboxymethyl Cellulose,carboxymethylcellulose sodium
Carboxymethyl Cellulose,sodium cellulose gum
Carboxymethyl Cellulose,methylcellulose
Carboxymethyl Cellulose,microcrystalline cellulose (sometimes confused)
Carboxymethyl Cellulose,methylcellulose sodium
Carboxymethyl Cellulose,cellulose derivative
Carboxymethyl Cellulose,cellulose gum sodium
Carboxymethyl Cellulose,carboxymethyl cellulose sodium salt
Carboxymethyl Cellulose,misspellings: carboxy methyl cellulose
Carboxymethyl Cellulose,caroxymethyl cellulose
Carboxymethyl Cellulose,Carboxymethyl Cellulose
Sodium Carboxymethyl Cellulose,CMC-Na
Sodium Carboxymethyl Cellulose,Sodium CMC
Sodium Carboxymethyl Cellulose,Sodium Carboxymethyl Cellulose
Sodium Carboxymethyl Cellulose,Sodium Cellulose Gum
Sodium Carboxymethyl Cellulose,E466i
Sodium Carboxymethyl Cellulose,CMC-Na
Sodium Carboxymethyl Cellulose,carboxymethyl cellulose sodium
Sodium Carboxymethyl Cellulose,cellulose gum sodium
Sodium Carboxymethyl Cellulose,misspellings: sodium carboxy methyl cellulose
Sodium Carboxymethyl Cellulose,Sodium Carboxymethyl Cellulose
Misspellings,Celluose
Misspellings,Cellulos
Misspellings,Cellulosse
Misspellings,Misspellings
Related Compounds,Glutamate
Related Compounds,L-Glutamate
Related Compounds,Sodium
Related Compounds,Sodium Chloride
Related Compounds,Related Compounds
Casein,Sodium Caseinate
Casein,Calcium Caseinate
Casein,Caseinates
Casein,Milk Protein
Casein,Milk Protein Concentrate
Casein,Whey Protein Concentrate (trace amounts sometimes present)
Casein,Curd Protein
Casein,Milk Solids
Casein,Milk Powder
Casein,Casein Hydrolysate
Casein,Hydrolyzed Casein
Casein,Casein Glycoprotein
Casein,Casein
Castoreum,Musk
Castoreum,Beaver Castoreum
Castoreum,Beaver Musk
Castoreum,Castoreum Extract
Castoreum,Liquid Castoreum
Castoreum,Aroma Compound
Castoreum,Natural Flavor
Castoreum,Natural Flavoring
Castoreum,Beaver Anal Gland Secretions
Castoreum,Beaver Secretion
Castoreum,Castoreum
Cellulose,Dietary Fiber
Cellulose,Wood Fiber
Cellulose,Plant Fiber
Cellulose,Microcrystalline Cellulose (MCC)
Cellulose,Colloidal Cellulose
Cellulose,Ethyl Cellulose
Cellulose,Cellulose Gum
Cellulose,Pulp
Cellulose,Fiber
Cellulose,Wood Pulp
Cellulose,Plant Pulp
Cellulose,Cellulose Derivatives
Cellulose,Cellulose Ethers
Cellulose,Cellulose Esters
Cellulose,Fibrous Cellulose
Cellulose,Filter Aid
Cellulose,Rayon (processed form)
Cellulose,Cellulose
Monosodium Glutamate (MSG),MSG
Monosodium Glutamate (MSG),Hydrolyzed Vegetable Protein (HVP)
Monosodium Glutamate (MSG),Yeast Extract
Monosodium Glutamate (MSG),Autolyzed Yeast
Monosodium Glutamate (MSG),Brown Sugar
Monosodium Glutamate (MSG),Natural Flavors (can mask MSG)
Monosodium Glutamate (MSG),Monosodium Glutamate (MSG)
Cyclamate,Sodium Cyclamate
Cyclamate,Calcium Cyclamate
Cyclamate,Potassium Cyclamate
Cyclamate,Cyclamic Acid
Cyclamate,Sweetener
Cyclamate,Artificial Sweetener
Cyclamate,E 952
Cyclamate,Saccharin-Cyclamate
Cyclamate,Cyclamate
Cysteine,L-Cysteine
Cysteine,L-Cystine
Cysteine,Cystein
Cysteine,Cystine
Cysteine,Aminoethanethiol
Cysteine,2-Amino-3-mercapto-propanoic acid
Cysteine,AC cysteine
Cysteine,Food-grade cysteine
Cysteine,Cys
Cysteine,2-aminopropanethiol
Cysteine,Cysteine
Datem,Disodium diacetate
Datem,DATEM
Datem,Diacetate
Datem,Sodium diacetate
Datem,E477
Datem,1
Datem,4-Diacetoxybutane
Datem,2
Datem,3-Diacetyl-1
Datem,4-butanediol
Datem,Datem
Dextrin,Corn Maltodextrin
Dextrin,Modified Corn Starch
Dextrin,Maltodextrin
Dextrin,Glucose Polymer
Dextrin,Dextrose Polymer
Dextrin,Branched Maltodextrin
Dextrin,Dried Corn Syrup Solids
Dextrin,Corn Syrup Solids
Dextrin,Glucose Syrup Solids
Dextrin,Maltose Syrup
Dextrin,Polydextrose (related but distinct)
Dextrin,Cyclodextrin (related but distinct)
Dextrin,Maltodextrin Syrup
Dextrin,Inulin (related
Dextrin,depending on process)
Dextrin,Misspellings: Deextrin
Dextrin,Dexstren
Dextrin,Dextrin
Diacetyl,2
Diacetyl,3-Butanedione
Diacetyl,Butane-2
Diacetyl,3-dione
Diacetyl,Butter Lactone
Diacetyl,C4H6O2
Diacetyl,Dimethylketal
Diacetyl,Butter Flavor
Diacetyl,Butter Compound
Diacetyl,Buttery Flavor
Diacetyl,Food Flavoring
Diacetyl,Artificial Butter Flavor
Diacetyl,2
Diacetyl,3-Butanedione (chemical name)
Diacetyl,Diacetyl
Diacylglycerol,DAG
Diacylglycerol,1
Diacylglycerol,2-Diacylglycerol
Diacylglycerol,1
Diacylglycerol,2-DAG
Diacylglycerol,Diacylglycerol Phosphate (if phosphorylated)
Diacylglycerol,Phosphatidic Acid (if phosphorylated)
Diacylglycerol,Diacylglycerol
EDTA,Disodium EDTA
EDTA,Calcium Disodium EDTA
EDTA,Tetrasodium EDTA
EDTA,Ethylenediaminetetraacetic acid
EDTA,EDTA-2Na
EDTA,EDTA-4Na
EDTA,EDDTA
EDTA,Glycyll Glycyrrhetate
EDTA,Food Grade EDTA
EDTA,Chelating Agent
EDTA,Sequestering Agent
EDTA,Stabilizer
EDTA,Preservative
EDTA,Antioxidant
EDTA,Calcium EDTA
EDTA,Sodium EDTA
EDTA,Tetrasodium EDTA
EDTA,Food Chemical ID 235
EDTA,CAS 60-00-4
EDTA,EDTA
Erythorbic Acid,Erythorbate
Erythorbic Acid,Sodium Erythorbate
Erythorbic Acid,Sodium Ascorbate Erythorbate
Erythorbic Acid,E333 (E number)
Erythorbic Acid,Erythorbic Sodium
Erythorbic Acid,Erythorbic Acid
Ferrous Gluconate,Iron Gluconate
Ferrous Gluconate,Ferrous Ascorbate
Ferrous Gluconate,Iron(II) Gluconate
Ferrous Gluconate,Ferric Gluconate (can be mistaken)
Ferrous Gluconate,Gluconic Acid Iron
Ferrous Gluconate,Iron Bisgluconate
Ferrous Gluconate,Ferrous Gluconate Hydrate
Ferrous Gluconate,E538 (European Union)
Ferrous Gluconate,Misspellings: Ferous Gluconate
Ferrous Gluconate,Ferous Gluconate
Ferrous Gluconate,Ferrous Glucinate
Ferrous Gluconate,Related Compounds: Gluconic Acid
Ferrous Gluconate,Ascorbic Acid
Ferrous Gluconate,Ferrous Gluconate
Fructose,Fruit Sugar
Fructose,Levulose
Fructose,C7H12O6
Fructose,Fruitose (misspelling)
Fructose,Fructose
Monoglycerides,Glycerol Monostearate
Monoglycerides,GMS
Monoglycerides,Monoglycerol
Monoglycerides,E471
Monoglycerides,Monoglycerides
Hydrogenated Vegetable Oil,Partially Hydrogenated Vegetable Oil
Hydrogenated Vegetable Oil,Fully Hydrogenated Vegetable Oil
Hydrogenated Vegetable Oil,Vegetable Shortening
Hydrogenated Vegetable Oil,Hydrogenated Vegetable Oil
Fruit/Vegetables,Radishes
Fruit/Vegetables,Radish
Fruit/Vegetables,Daikon
Fruit/Vegetables,Raphanus sativus
Fruit/Vegetables,Fruit/Vegetables
Fumaric Acid,Related Compounds: Malic Acid
Fumaric Acid,Tartaric Acid
Fumaric Acid,Citric Acid
Fumaric Acid,Fumaric Acid
Ginkgo Biloba,Ginkgo
Ginkgo Biloba,Maidenhair Tree
Ginkgo Biloba,Japanese Ginkgo
Ginkgo Biloba,Chinese Ginkgo
Ginkgo Biloba,White Ginkgo
Ginkgo Biloba,Ginkgo Leaf
Ginkgo Biloba,Ginkgo Extract
Ginkgo Biloba,GBE
Ginkgo Biloba,Ginkgo Leaf Extract
Ginkgo Biloba,Ginkgo Biloba Extract
Ginkgo Biloba,*Panax ginseng* (sometimes mistakenly used)
Ginkgo Biloba,Ginkgo speciosa (rare)
Ginkgo Biloba,Ginkgo Biloba
Ginseng,Panax ginseng
Ginseng,American ginseng
Ginseng,Siberian ginseng
Ginseng,Eleuthero
Ginseng,Ginseng root
Ginseng,Ginseng extract
Ginseng,Ginseng powder
Ginseng,Ginseng concentrate
Ginseng,Ginseng oil
Ginseng,Ginseng tincture
Ginseng,Ginseng berry
Ginseng,Ginseng leaf
Ginseng,Insam (Korean)
Ginseng,Ren Shen (Chinese)
Ginseng,Dang Shen (Chinese)
Ginseng,Misspellings: ginsing
Ginseng,ging seng
Ginseng,Ginseng
Gluconic Acid,Glucono Delta-Lactone
Gluconic Acid,GDL
Gluconic Acid,Gluconic Acid
Gluconic Acid,E574
Gluconic Acid,Gluconolactone
Gluconic Acid,Delta-gluconolactone
Gluconic Acid,Glucono 1
Gluconic Acid,5-Lactone
Gluconic Acid,Gluconic Acid
"Glycerin, Glycerol",Glycerin
"Glycerin, Glycerol",Glycerol
"Glycerin, Glycerol",1
"Glycerin, Glycerol",2
"Glycerin, Glycerol",3-Propanetriol
"Glycerin, Glycerol",1
"Glycerin, Glycerol",2-Dihydroxypropan-3-ol
"Glycerin, Glycerol",1
"Glycerin, Glycerol",2-Dihydroxy-3-propanol
"Glycerin, Glycerol",Vegetable Glycerin
"Glycerin, Glycerol",USP Glycerin
"Glycerin, Glycerol",Glycerine
"Glycerin, Glycerol",Mono-Glycerin
"Glycerin, Glycerol",Di-Glycerin
"Glycerin, Glycerol",Tri-Glycerin
"Glycerin, Glycerol",Glycerol Monostearate (GMS)
"Glycerin, Glycerol",Glycerin Monolaurate
"Glycerin, Glycerol",Glycerin Ester
"Glycerin, Glycerol",1
"Glycerin, Glycerol",2
"Glycerin, Glycerol",3-Trihydroxypropane
"Glycerin, Glycerol",Glyceryl
"Glycerin, Glycerol",Glyceryl Alcohol
"Glycerin, Glycerol",Common misspellings: Glycerin
"Glycerin, Glycerol",Glyserin
"Glycerin, Glycerol",Glyserole
"Glycerin, Glycerol","Glycerin, Glycerol"
Guanosine Monophosphate (GMP),Disodium Guanylate
Guanosine Monophosphate (GMP),E627
Guanosine Monophosphate (GMP),Sodium Guanylate
Guanosine Monophosphate (GMP),GMP
Guanosine Monophosphate (GMP),E number E627
Guanosine Monophosphate (GMP),Guanylic Acid
Guanosine Monophosphate (GMP),Guanylic Acid Sodium Salt
Guanosine Monophosphate (GMP),IMP (often used in combination - see Inosine Monophosphate)
Guanosine Monophosphate (GMP),Nucleotide
Guanosine Monophosphate (GMP),Flavor Enhancer
Guanosine Monophosphate (GMP),MSG (often used in combination - see Monosodium Glutamate)
Guanosine Monophosphate (GMP),Guanosine Monophosphate (GMP)
Guarana,Paullinia Cupana
Guarana,Brazilian Guaraná
Guarana,Guaraná Seed
Guarana,Guaraná Extract
Guarana,Guaraná Fruit
Guarana,Guaraná Powder
Guarana,Guarana Seed Extract
Guarana,Guaraná Oligosaccharides
Guarana,Guarana Fruit Extract
Guarana,Guarana Fruit Powder
Guarana,Paullinia
Guarana,Guarana (plant)
Guarana,Guaraná (fruit)
Guarana,Guarana
Gums,Arabic Gum
Gums,Acacia Gum
Gums,Gum Arabic
Gums,Mesquite Gum
Gums,Gums
Furcelleran,Furcellan
Furcelleran,Fucan
Furcelleran,Furcelleran
Gellan Gum,Gellan Gum
Gellan Gum,Gellan
Gellan Gum,Gellan Gum
Ghatti Gum,Ghatti
Ghatti Gum,Gum Ghatti
Ghatti Gum,Indian Gum
Ghatti Gum,Ghatti Gum
Karaya Gum,Karaya
Karaya Gum,Karan Gum
Karaya Gum,Sterculia Gum
Karaya Gum,Karaya Gum
Locust Bean Gum,Carob Bean Gum
Locust Bean Gum,Lokust Bean Gum
Locust Bean Gum,Locust Bean Gum
Tragacanth Gum,Tragacanth
Tragacanth Gum,Persian Gum
Tragacanth Gum,Astragalus Gum
Tragacanth Gum,Tragacanth Gum
Helium,Helium Gas
Helium,He
Helium,Atomic Helium
Helium,Helium
High-Fructose Corn Syrup,Corn Syrup
High-Fructose Corn Syrup,HFCS
High-Fructose Corn Syrup,Glucose-Fructose Syrup
High-Fructose Corn Syrup,Glucose Syrup
High-Fructose Corn Syrup,Sweetener
High-Fructose Corn Syrup,Fruit-Sweetened
High-Fructose Corn Syrup,Corn Glucose Syrup
High-Fructose Corn Syrup,Isoglucose
High-Fructose Corn Syrup,High-Fructose Corn Syrup
High-Maltose Corn Syrup,Corn Syrup
High-Maltose Corn Syrup,Maltose Syrup
High-Maltose Corn Syrup,High-Conversion Corn Syrup
High-Maltose Corn Syrup,High-Glucose Corn Syrup
High-Maltose Corn Syrup,Sweet Sorghum Syrup (sometimes)
High-Maltose Corn Syrup,Corn Malt Syrup
High-Maltose Corn Syrup,Corn Syrup Solids (if dried)
High-Maltose Corn Syrup,Maltodextrin (related
High-Maltose Corn Syrup,but often distinct)
High-Maltose Corn Syrup,High-Maltose Corn Syrup
HSH (Hydrogenated Starch Hydrolysate),Modified Starch
HSH (Hydrogenated Starch Hydrolysate),Corn Starch Hydrolysate
HSH (Hydrogenated Starch Hydrolysate),Tapioca Starch Hydrolysate
HSH (Hydrogenated Starch Hydrolysate),Potato Starch Hydrolysate
HSH (Hydrogenated Starch Hydrolysate),Modified Corn Starch
HSH (Hydrogenated Starch Hydrolysate),Modified Tapioca Starch
HSH (Hydrogenated Starch Hydrolysate),Modified Potato Starch
HSH (Hydrogenated Starch Hydrolysate),Hydrolyzed Starch
HSH (Hydrogenated Starch Hydrolysate),Hydrolyzed Corn Starch
HSH (Hydrogenated Starch Hydrolysate),Hydrolyzed Tapioca Starch
HSH (Hydrogenated Starch Hydrolysate),Hydrolyzed Potato Starch
HSH (Hydrogenated Starch Hydrolysate),Maltodextrin (sometimes
HSH (Hydrogenated Starch Hydrolysate),depending on processing)
HSH (Hydrogenated Starch Hydrolysate),HSH (Hydrogenated Starch Hydrolysate)
HVP,Hydrolyzed Vegetable Protein
HVP,Hydrolyzed Vegetable Extract
HVP,Vegetable Protein Hydrolysate
HVP,Plant Protein Hydrolysate
HVP,Protein Hydrolysate
HVP,Veggie Protein
HVP,Plant Protein
HVP,Vegetable Extract
HVP,Soy Protein Hydrolysate (if soy-derived)
HVP,Wheat Protein Hydrolysate (if wheat-derived)
HVP,Corn Protein Hydrolysate (if corn-derived)
HVP,Autolyzed Vegetable Protein
HVP,Yeast Extract (often similar processing)
HVP,Fermented Vegetable Extract
HVP,No MSG or Monosodium Glutamate (often a marketing claim)
HVP,HVP
HVP,Vegetable Hydrolysate
HVP,HVP
Inosine Monophosphate,IMP
Inosine Monophosphate,Disodium Inosinate
Inosine Monophosphate,E631
Inosine Monophosphate,Sodium Inosinate
Inosine Monophosphate,Nucleotide
Inosine Monophosphate,Flavor Enhancer
Inosine Monophosphate,Yeast Extract (may contain IMP)
Inosine Monophosphate,Inosine Monophosphate
Inter-esterified oil,Modified Vegetable Oil
Inter-esterified oil,Re-esterified Oil
Inter-esterified oil,Interesterified Triglyceride
Inter-esterified oil,Interesterified Vegetable Fat
Inter-esterified oil,Fractionated Vegetable Oil
Inter-esterified oil,Blended Vegetable Oil
Inter-esterified oil,Trans Fat (sometimes
Inter-esterified oil,though technically distinct)
Inter-esterified oil,High Oleic Interesterified Oil
Inter-esterified oil,Low Linolenic Interesterified Oil
Inter-esterified oil,Inter-esterified oil
Modified Starch,Food Starch
Modified Starch,Corn Starch (source)
Modified Starch,Tapioca Starch
Modified Starch,Potato Starch
Modified Starch,Waxy Maize Starch
Modified Starch,Pregelatinized Starch
Modified Starch,Modified Starch
Inulin,Chicory Root Fiber
Inulin,Fructans
Inulin,Oligofructose
Inulin,Inulin
Isolated Soy Protein,Soy Protein Isolate
Isolated Soy Protein,SP-70
Isolated Soy Protein,Soy Protein Concentrate (often overlaps
Isolated Soy Protein,check protein content)
Isolated Soy Protein,Textured Soy Protein
Isolated Soy Protein,Soy Protein
Isolated Soy Protein,Defatted Soy Flour
Isolated Soy Protein,Soy Flour (can be full fat
Isolated Soy Protein,check fat content)
Isolated Soy Protein,Soy Protein Hydrolysate
Isolated Soy Protein,Hydrolyzed Vegetable Protein (HVP) (often a blend
Isolated Soy Protein,check for soy)
Isolated Soy Protein,Plant-Based Protein
Isolated Soy Protein,Protein Isolate
Isolated Soy Protein,Misspellings: Soye Protein
Isolated Soy Protein,Soie Protein
Isolated Soy Protein,Related Compounds: Glycine
Isolated Soy Protein,Tryptophan
Isolated Soy Protein,Lecithin
Isolated Soy Protein,Isolated Soy Protein
Textured Vegetable Protein,TVP
Textured Vegetable Protein,Textured Vegetable Protein
Textured Vegetable Protein,Vegetable Protein
Textured Vegetable Protein,Soy Protein (often specifically soy-based)
Textured Vegetable Protein,Plant-Based Protein
Textured Vegetable Protein,Protein Nuggets
Textured Vegetable Protein,Protein Crisps
Textured Vegetable Protein,Soy Chunks
Textured Vegetable Protein,Misspellings: Textued Vegetable Protein
Textured Vegetable Protein,Vegitable Protein
Textured Vegetable Protein,Related Compounds: Soy Protein Isolate
Textured Vegetable Protein,Vegetable Oil (used in production)
Textured Vegetable Protein,Textured Vegetable Protein
Isomalt,Palatinose
Isomalt,Palatinit
Isomalt,isomaltulose
Isomalt,6-O-α-D-glucopyranosyl-D-fructose
Isomalt,sugar alcohol
Isomalt,polyol
Isomalt,Isomer of Sucrose
Isomalt,E953 (Europe)
Isomalt,Isomalt
Ribose,D-Ribose
Ribose,Ribofuranose
Ribose,Pentose Sugar
Ribose,Ribose
Sodium Tripolyphosphate,STPP
Sodium Tripolyphosphate,Sodium Phosphate
Sodium Tripolyphosphate,E451(i)
Sodium Tripolyphosphate,Sodium Tripolyphosphate
Lactitol,Lactil
Lactitol,Polyol
Lactitol,Sugar alcohol
Lactitol,Milk sugar alcohol
Lactitol,Reduced-calorie sweetener
Lactitol,E606
Lactitol,Lactitol
Benzoate,Sodium Benzoate
Benzoate,Potassium Benzoate
Benzoate,Benzoic Acid
Benzoate,E210
Benzoate,2-Hydroxybenzoic Acid
Benzoate,Benzoate
Calcium Sulfate,Gypsum
Calcium Sulfate,Plaster of Paris (food grade)
Calcium Sulfate,E514
Calcium Sulfate,Calcium Sulfate
Beta-Carotene,Provitamin A
Beta-Carotene,B-Carotene
Beta-Carotene,E160a
Beta-Carotene,Beta-Carotene
Riboflavin,Vitamin B2
Riboflavin,Vitamin B2 Riboflavin
Riboflavin,E101
Riboflavin,Riboflavin
Sucrose,Table Sugar
Sucrose,Granulated Sugar
Sucrose,C12H22O11
Sucrose,Beet Sugar
Sucrose,Cane Sugar
Sucrose,Sucrose
Citrate,Sodium Citrate
Citrate,Calcium Citrate
Citrate,Tripotassium Citrate
Citrate,Citrate
Lactose,Milk Sugar
Lactose,Lactose Monohydrate
Lactose,Milk Lactose
Lactose,Whey Lactose
Lactose,2-O-β-D-Galactopyranosyl-α-D-Glucopyranose
Lactose,Milk Carbohydrate
Lactose,Galacto-1
Lactose,4-Glucan
Lactose,Galactose-Glucose disaccharide
Lactose,Lactose
Magnesium Compounds,Magnesium
Magnesium Compounds,Mg
Magnesium Compounds,Magnesium Oxide
Magnesium Compounds,Magnesium Hydroxide
Magnesium Compounds,Magnesium Citrate
Magnesium Compounds,Magnesium Chloride
Magnesium Compounds,Magnesium Sulfate
Magnesium Compounds,Magnesium Lactate
Magnesium Compounds,Magnesium Gluconate
Magnesium Compounds,Magnesium Carbonate
Magnesium Compounds,Magnesium Phosphate
Magnesium Compounds,Magnesium Stearate
Magnesium Compounds,Magnesium Silicate
Magnesium Compounds,Magnesium Lysinate
Magnesium Compounds,Magnesium Aspartate
Magnesium Compounds,Magnesium Taurate
Magnesium Compounds,Magnesium Malate
Magnesium Compounds,Magnesium Threonate
Magnesium Compounds,Magnesium D-Aspartate
Magnesium Compounds,Magnesium Glycerophosphate
Magnesium Compounds,Magnesium Chloride Hexahydrate
Magnesium Compounds,Magnesium Oxide USP
Magnesium Compounds,Magnesium Hydroxide Industrial Grade
Magnesium Compounds,Magnesium Carbonate Basic
Magnesium Compounds,Magnesium Phosphate Dibasic
Magnesium Compounds,Magnesium Stearate Vegetable
Magnesium Compounds,Magnesium Silicate (E553)
Magnesium Compounds,Magnesium Glycerophosphate
Magnesium Compounds,Magnesium Taurate
Magnesium Compounds,Magnesium D-Aspartate
Magnesium Compounds,Magnesium Malate
Magnesium Compounds,Magnesium Threonate
Magnesium Compounds,Magnesium Lysinate
Magnesium Compounds,Magnesium Aspartate
Magnesium Compounds,Magnesium Glycerophosphate
Magnesium Compounds,Magnesium Chloride (E511)
Magnesium Compounds,Magnesium Sulfate (Epsom Salts)
Magnesium Compounds,Magnesium Lactate (E331)
Magnesium Compounds,Magnesium Carbonate (E504)
Magnesium Compounds,Magnesium Oxide (E528)
Magnesium Compounds,Magnesium Phosphate (E343)
Magnesium Compounds,Magnesium Stearate (E491)
Magnesium Compounds,Magnesium Citrate (E332)
Magnesium Compounds,Magnesium Compounds
Malic Acid,Apple Acid
Malic Acid,Hydroxymaleic Acid
Malic Acid,2-Hydroxybutanedioic Acid
Malic Acid,2-Hydroxy-1
Malic Acid,4-butanedioic acid
Malic Acid,(±)-Malic Acid
Malic Acid,D-Malic Acid
Malic Acid,L-Malic Acid
Malic Acid,(2S)-2-Hydroxybutanedioic Acid
Malic Acid,(2R)-2-Hydroxybutanedioic Acid
Malic Acid,Misspellings: Malick Acid
Malic Acid,Mallic Acid
Malic Acid,Forms: Crystalline Powder
Malic Acid,Granules
Malic Acid,Solution
Malic Acid,Food Acid
Malic Acid,Tartaric Acid Substitute
Malic Acid,Malic Acid
Maltitol,1
Maltitol,6-anhydro-D-mannitol
Maltitol,Maltose Polyol
Maltitol,Isomalt
Maltitol,Sugar Alcohol
Maltitol,E968
Maltitol,E 968
Maltitol,Maltitol Syrup
Maltitol,C16H32O6
Maltitol,Maltitol
Maltotame,Ace-L-maltol
Maltotame,Ace-L-maltol
Maltotame,Artificial Sweetener
Maltotame,Sweetener
Maltotame,160585
Maltotame,E627
Maltotame,Maltotame
High Fructose Corn Syrup,HFCS
High Fructose Corn Syrup,Corn Syrup
High Fructose Corn Syrup,Glucose-Fructose Syrup
High Fructose Corn Syrup,Isoglucose (EU)
High Fructose Corn Syrup,Crystalline Fructose (often as a separate ingredient)
High Fructose Corn Syrup,High Fructose Corn Syrup
Vanillin,Vanilla
Vanillin,Vanilla Extract
Vanillin,Vanilla Bean
Vanillin,Natural Vanilla Flavor
Vanillin,Artificial Vanilla Flavor
Vanillin,Vanilla Powder
Vanillin,Vanilla Sugar
Vanillin,Bourbon Vanilla
Vanillin,Madagascar Vanilla
Vanillin,Vanilla Essence
Vanillin,Vanillin (E1080)
Vanillin,4-Hydroxy-3-methoxybenzaldehyde
Vanillin,3-Methoxy-4-hydroxybenzaldehyde
Vanillin,Vanillin
Mannitol,Mannite
Mannitol,1
Mannitol,2:5
Mannitol,6-Di-O-Mannitol Diphosphate
Mannitol,9-Methyl-D-Mannitol
Mannitol,Mannitol Phosphate
Mannitol,Mannitol-9-Methyl
Mannitol,Sorbitol (related compound)
Mannitol,Xylitol (related compound)
Mannitol,Mannitol
Monatin,Monatin
Monatin,Monato
Monatin,5'-Keto-3-hydroxy-2-methyl-4H-pyran-4-one
Monatin,Monatin salt
Monatin,Monato salt
Monatin,Monatin potassium salt
Monatin,Monato potassium salt
Monatin,Monatin
Common Misspellings,MGS
Common Misspellings,MsG
Common Misspellings,M.S.G.
Common Misspellings,Common Misspellings
Mycoprotein,Fusarium venenatum
Mycoprotein,Quorn
Mycoprotein,Mycobrotus
Mycoprotein,fungal protein
Mycoprotein,fermented protein
Mycoprotein,fungal biomass
Mycoprotein,textured vegetable protein (TVP) – though technically distinct.
Mycoprotein,Mycoprotein
Green 3,Fast Green FCF
Green 3,CI 14350
Green 3,Misspelled: Greene 3
Green 3,Green 3
Natamycin,Pimaricin
Natamycin,Pimaricin B
Natamycin,Callemarchia natamycin
Natamycin,Fungamycin
Natamycin,Lotagen
Natamycin,Emesan
Natamycin,Naticin
Natamycin,Mycostatin
Natamycin,Natamycin A
Natamycin,Natamycin B
Natamycin,Natamycin C
Natamycin,Pimar A
Natamycin,Pimar B
Natamycin,Pimar C.
Natamycin,Natamycin
Nisin,Nisin A
Nisin,Nisin Z
Nisin,Lactococcus lactis bacteriocin
Nisin,Pediococcus bacteriocin
Nisin,Nisin hydrochloride
Nisin,Nisin derivative
Nisin,Nisin preparation
Nisin,Nisin
Nitrous Oxide,N₂O
Nitrous Oxide,Laughing Gas
Nitrous Oxide,Sweet Gas
Nitrous Oxide,Oxide of Nitrogen
Nitrous Oxide,NOS (Medical context)
Nitrous Oxide,Nitrous Oxide
Oat Fiber,Oat bran
Oat Fiber,Oat hull fiber
Oat Fiber,Oat hull
Oat Fiber,Processed oat fiber
Oat Fiber,Dehulled oat fiber
Oat Fiber,Oat fiber concentrate
Oat Fiber,Fiber from oats
Oat Fiber,Oat husk fiber
Oat Fiber,Oat fiber powder
Oat Fiber,Misspellings: oate fiber
Oat Fiber,oatfber
Oat Fiber,Related Compounds: Beta-glucan
Oat Fiber,Oat Fiber
Wheat Fiber,Wheat bran
Wheat Fiber,Wheat hull fiber
Wheat Fiber,Wheat hull
Wheat Fiber,Processed wheat fiber
Wheat Fiber,Dehulled wheat fiber
Wheat Fiber,Wheat fiber concentrate
Wheat Fiber,Fiber from wheat
Wheat Fiber,Wheat husk fiber
Wheat Fiber,Wheat fiber powder
Wheat Fiber,Misspellings: wheet fiber
Wheat Fiber,wheatfber
Wheat Fiber,Related Compounds: Arabinoxylan
Wheat Fiber,Wheat Fiber
Olestra,Olean
Olestra,Sucralose (often confused)
Olestra,Saladrin
Olestra,Lysolecithin (sometimes present)
Olestra,NESTLE Olean
Olestra,Procter & Gamble Olean
Olestra,Olean Lipid Replacement
Olestra,Olean Lipid
Olestra,Olean Sucralose
Olestra,ZeroCal
Olestra,Fat Substitute
Olestra,Fat Replacement
Olestra,Non-nutritive fat
Olestra,Structured triglyceride
Olestra,Modified triglyceride
Olestra,Olestra
Oligofructose,Fructo-oligosaccharides
Oligofructose,FOS
Oligofructose,Fructo-oligosaccharide syrup
Oligofructose,Fructo-oligosaccharides syrup
Oligofructose,Inulin-oligosaccharide
Oligofructose,Fructo-oligosaccharide
Oligofructose,Fructo-oligosaccharide mixture
Oligofructose,fructooligosaccharides
Oligofructose,fructo-oligosaccharides
Oligofructose,fructooligosaccharide
Oligofructose,Oligofructose
Papain,Papaya Enzyme
Papain,Papain Enzyme
Papain,Papaya Latex
Papain,Carease (brand name)
Papain,Accucel (brand name)
Papain,Proterase (brand name)
Papain,FSP (Food Science Papain)
Papain,Papaya Preparation
Papain,Papain Extract
Papain,Papaya Milk
Papain,Papain
Pectin,Pectine
Pectin,Sodium Pectinate
Pectin,Pectinic Acid
Pectin,Pectic Acid
Pectin,Fruit Pectin
Pectin,Citrus Pectin
Pectin,Apple Pectin
Pectin,Pectins
Pectin,Fruit Thickener
Pectin,Vegetable Gelling Agent.
Pectin,Pectin
Phosphates,Phosphate salts
Phosphates,Sodium Phosphate
Phosphates,Potassium Phosphate
Phosphates,Calcium Phosphate
Phosphates,MonoSodium Phosphate (MSP)
Phosphates,DiSodium Phosphate (DSP)
Phosphates,TriSodium Phosphate (TSP)
Phosphates,MonoPotassium Phosphate (MKP)
Phosphates,DiPotassium Phosphate (DKP)
Phosphates,TriPotassium Phosphate (TKP)
Phosphates,Calcium Phosphate Dibasic
Phosphates,Calcium Phosphate Tribasic
Phosphates,Phosphate
Phosphates,Food Grade Phosphates
Phosphates,Stabilized Phosphates
Phosphates,Leavening Agent (when mixed with baking soda)
Phosphates,Phosphorylated Starch
Phosphates,Hydrolyzed Vegetable Protein (may contain phosphates)
Phosphates,Phosphates
Polydextrose,E1200
Polydextrose,Resistance Starch
Polydextrose,Fiber
Polydextrose,Fiber Blend
Polydextrose,Modified Food Starch
Polydextrose,Modified Starch
Polydextrose,Solkafloc
Polydextrose,Vitafiber
Polydextrose,Insoluble Dietary Fiber
Polydextrose,Fiber Additive
Polydextrose,Low-Calorie Filler
Polydextrose,Texturizer
Polydextrose,Thickener
Polydextrose,Bulking Agent
Polydextrose,E1200(i)
Polydextrose,Polydextrose
Polyglycerol Polyricinoleate (PGPR),Polyglycerol ester of ricinoleic acid
Polyglycerol Polyricinoleate (PGPR),Polyglycerol ricinoleate
Polyglycerol Polyricinoleate (PGPR),PG ester of ricinoleic acid
Polyglycerol Polyricinoleate (PGPR),PGPR emulsifier
Polyglycerol Polyricinoleate (PGPR),E1709
Polyglycerol Polyricinoleate (PGPR),Food Emulsifier PGPR
Polyglycerol Polyricinoleate (PGPR),Vegetable Oil Emulsifier
Polyglycerol Polyricinoleate (PGPR),Glycerol Polyricinoleate
Polyglycerol Polyricinoleate (PGPR),Ricinoleic Acid Polyglycerol Ester
Polyglycerol Polyricinoleate (PGPR),Polyglycerol Polyricinoleate (PGPR)
Polysorbate 60,PEG-150 Distearate
Polysorbate 60,Sorbitan Dioleate
Polysorbate 60,PEG-150 Distearate
Polysorbate 60,Sorbitan Sesquioleate
Polysorbate 60,Polysorbate S60
Polysorbate 60,Polysorbate 60
Polysorbate 65,PEG-200 Distearate
Polysorbate 65,PEG-200 Distearate
Polysorbate 65,Sorbitan Trioleate
Polysorbate 65,Polysorbate S65
Polysorbate 65,Polysorbate 65
Polysorbate 80,PEG-400 Stearate
Polysorbate 80,PEG-400 Stearate
Polysorbate 80,Sorbitan Sesquioleate
Polysorbate 80,Polysorbate S80
Polysorbate 80,Polysorbate 80
Potassium Bromate,E905
Potassium Bromate,Potassium (III) Oxide
Potassium Bromate,Potassium Oxide
Potassium Bromate,PB
Potassium Bromate,Bromated Flour (when used in flour)
Potassium Bromate,Oxidizing Agent
Potassium Bromate,Dough Conditioner (when used in bread)
Potassium Bromate,Potassium Bromate
Potassium Iodate,Potassium Iodate
Potassium Iodate,KI03
Potassium Iodate,Iodate of Potassium
Potassium Iodate,KIO3
Potassium Iodate,E529
Potassium Iodate,Potassium Triiodate
Potassium Iodate,Potassium Iodate
Propylene Glycol,PG
Propylene Glycol,1
Propylene Glycol,2-Propanediol
Propylene Glycol,1
Propylene Glycol,2-Dihydroxypropane
Propylene Glycol,Methyl Glycol
Propylene Glycol,Propylene Glycol Monomethyl Ether
Propylene Glycol,USP
Propylene Glycol,Dowanol EPM
Propylene Glycol,PG Monomethyl Ether
Propylene Glycol,PGME
Propylene Glycol,1
Propylene Glycol,2-PD
Propylene Glycol,Propane-1
Propylene Glycol,2-diol
Propylene Glycol,common misspelling: propyl glycol.
Propylene Glycol,Propylene Glycol
Starch,Cornstarch
Starch,Potato Starch
Starch,Tapioca Starch
Starch,Modified Starch
Starch,Food Starch
Starch,Wheat Starch
Starch,Rice Starch
Starch,Arrowroot Starch
Starch,Instant Starch
Starch,Starch Derivatives
Starch,Pregelatinized Starch
Starch,Native Starch
Starch,Resistant Starch
Starch,Starch
Gamma-Tocopherol,Vitamin E
Gamma-Tocopherol,Alpha-Tocopherol
Gamma-Tocopherol,Beta-Tocopherol
Gamma-Tocopherol,Delta-Tocopherol
Gamma-Tocopherol,Gamma-Tocopherol
Propyl Gallate,PG
Propyl Gallate,Propyl-gallate
Propyl Gallate,n-Propyl Gallate
Propyl Gallate,Propyl 3
Propyl Gallate,4
Propyl Gallate,5-trihydroxybenzoate
Propyl Gallate,Propylhydroquinone Gallate
Propyl Gallate,Propyl Gallate
Sodium Nitrate,Sodium Nitrite
Sodium Nitrate,E251
Sodium Nitrate,Sodium Salt of Nitric Acid
Sodium Nitrate,Sodium Nitrous Salt
Sodium Nitrate,Preservative E251
Sodium Nitrate,Salt of Nitric Acid
Sodium Nitrate,Sodium Nitrate
Quinine,Quinine Hydrochloride
Quinine,Quinine Sulfate
Quinine,Cinchona Alkaloid
Quinine,Quinine Bisulfate
Quinine,Cinchona Bark Extract
Quinine,Quinine Salt
Quinine,Cinchonine
Quinine,Quininequinine
Quinine,Quinine
Salatrim,Acetyl Tributyl Citrate
Salatrim,ATBC
Salatrim,Tributyl Acetyl Citrate
Salatrim,Triacetin
Salatrim,Glyceryl Triacetate
Salatrim,Glycerol Triacetate
Salatrim,Triacetin
Salatrim,TAC
Salatrim,Acetyl Triacetin
Salatrim,Salatrim
Invert Sugar,Inverted Sugar
Invert Sugar,Glucose-Fructose Syrup
Invert Sugar,Fructose-Glucose Syrup
Invert Sugar,Invert Sugar
Tocopherol,Vitamin E
Tocopherol,Vitamin E Oil
Tocopherol,Vitamin E Supplement
Tocopherol,Alpha Tocopherol
Tocopherol,Beta Tocopherol
Tocopherol,Tocopherol
Sea Salt,Marine Salt
Sea Salt,Solar Salt
Sea Salt,Fleur de Sel
Sea Salt,Sel de Mer
Sea Salt,Himalayan Pink Salt
Sea Salt,Redmond Real Salt
Sea Salt,Celtic Sea Salt
Sea Salt,Grey Salt
Sea Salt,Fine Sea Salt
Sea Salt,Coarse Sea Salt
Sea Salt,Flake Salt
Sea Salt,Sea Salt Crystals
Sea Salt,Unrefined Sea Salt
Sea Salt,Ocean Salt
Sea Salt,Salt (sometimes used interchangeably
Sea Salt,though technically not all salt is sea salt)
Sea Salt,Sea Salt
Calcium Silicate,Calcium Silica
Calcium Silicate,Calcium Silicate Hydrate
Calcium Silicate,Synthetic Calcium Silicate
Calcium Silicate,Calcium Silicate
Calcium Silicate,E552
Calcium Silicate,Misspellings: Calicum Silicate
Calcium Silicate,Related Compounds: Calcium
Calcium Silicate,Silicates
Calcium Silicate,Silica
Calcium Silicate,Calcium Silicate
Sodium Diacetate,Sodium Acetate
Sodium Diacetate,Diacetate Sodium
Sodium Diacetate,Sodium Ethanoate
Sodium Diacetate,Sodium Ethylicate
Sodium Diacetate,Ethyl Sodium Acetate
Sodium Diacetate,E262
Sodium Diacetate,E262i
Sodium Diacetate,Sodium ethanoate
Sodium Diacetate,Sodium ethylicate
Sodium Diacetate,Misspelled: Sodiem Diacetate
Sodium Diacetate,Sodium Diacetate
Sodium Isoascorbate,Sodium Ascorbate
Sodium Isoascorbate,Isoascorbic Acid
Sodium Isoascorbate,Ascorbate Sodium
Sodium Isoascorbate,E333 (E number)
Sodium Isoascorbate,Sodium Ascorbate
Sodium Isoascorbate,Sodium Isoascorbate
Sodium Nitrite,Sodium Nitrate
Sodium Nitrite,E250
Sodium Nitrite,Sodium Nitrous Salt
Sodium Nitrite,Preservative E250
Sodium Nitrite,Sodium Salt of Nitrous Acid
Sodium Nitrite,Sodium Diazite
Sodium Nitrite,Sodium Nitrite
Sodium Stearoyl Lactylate,Sodium Stearoyl Lactylate
Sodium Stearoyl Lactylate,SSL
Sodium Stearoyl Lactylate,Sodium Stearoyl-2-Lactylate
Sodium Stearoyl Lactylate,Distilled Glyceride
Sodium Stearoyl Lactylate,Sodium Salt
Sodium Stearoyl Lactylate,SSL Salt
Sodium Stearoyl Lactylate,E385 (EU)
Sodium Stearoyl Lactylate,Sodium Stearoyl Lactylate
Sorbitan Monostearate,Sorbitan Stearate
Sorbitan Monostearate,Polysorbate 60 (often used interchangeably
Sorbitan Monostearate,though technically different)
Sorbitan Monostearate,E493
Sorbitan Monostearate,Emulsifier 493
Sorbitan Monostearate,Span 60
Sorbitan Monostearate,Industrial Glycerin Stearate
Sorbitan Monostearate,Stearic Acid Sorbitan
Sorbitan Monostearate,Sorbitan Ester
Sorbitan Monostearate,Stearate
Sorbitan Monostearate,Glyceryl Stearate (can be related
Sorbitan Monostearate,but not the same)
Sorbitan Monostearate,Sorbitan Monostearate
Sorbitol,Sorbitan
Sorbitol,1
Sorbitol,4-Butanediol
Sorbitol,Hexahydric Alcohol
Sorbitol,Glucitol
Sorbitol,L-Sorbitol (rare)
Sorbitol,Sorbit
Sorbitol,Sorbitol
Stearic Acid,Stearic
Stearic Acid,Octadecanoic Acid
Stearic Acid,Octadecanoate
Stearic Acid,1-Octadecanoic Acid
Stearic Acid,18:0
Stearic Acid,Vegetable Stearate
Stearic Acid,Vegetable Stearic Acid
Stearic Acid,Hydrogenated Vegetable Oil (may contain stearic acid)
Stearic Acid,Emulsifier (may contain stearic acid)
Stearic Acid,Release Agent
Stearic Acid,Palmitic/Stearic Acid
Stearic Acid,Distearin
Stearic Acid,Calcium Stearate
Stearic Acid,Magnesium Stearate
Stearic Acid,Ammonium Stearate
Stearic Acid,Sodium Stearate
Stearic Acid,Potassium Stearate
Stearic Acid,Stearyl Alcohol (related
Stearic Acid,but distinct)
Stearic Acid,Stearyl Acetate
Stearic Acid,Stearins
Stearic Acid,Stearyl
Stearic Acid,Stearylic Acid
Stearic Acid,misspellings: steerric acid
Stearic Acid,steriic acid
Stearic Acid,Stearic Acid
Stevia leaf extract (rebiana),Stevia
Stevia leaf extract (rebiana),Stevia extract
Stevia leaf extract (rebiana),Steviol glycosides
Stevia leaf extract (rebiana),Rebaudioside A
Stevia leaf extract (rebiana),Rebaudiana
Stevia leaf extract (rebiana),Stevia rebaudiana
Stevia leaf extract (rebiana),PureVia
Stevia leaf extract (rebiana),Truvia (often a blend
Stevia leaf extract (rebiana),but highlighting stevia)
Stevia leaf extract (rebiana),Sweetleaf
Stevia leaf extract (rebiana),Nature's Sweetener
Stevia leaf extract (rebiana),Stevia sweetener
Stevia leaf extract (rebiana),Reb A
Stevia leaf extract (rebiana),Rebs
Stevia leaf extract (rebiana),Stevia powder
Stevia leaf extract (rebiana),Stevia granules
Stevia leaf extract (rebiana),Stevia drops
Stevia leaf extract (rebiana),Stevia liquid
Stevia leaf extract (rebiana),Stevia concentrate
Stevia leaf extract (rebiana),99% Stevia
Stevia leaf extract (rebiana),High-Purity Stevia
Stevia leaf extract (rebiana),Steviol
Stevia leaf extract (rebiana),Steviol Glycoside Blend
Stevia leaf extract (rebiana),Rebiana
Stevia leaf extract (rebiana),Reba-D
Stevia leaf extract (rebiana),Rebaudioside
Stevia leaf extract (rebiana),Stevia Sweetener
Stevia leaf extract (rebiana),"(often listed as ""natural sweetener"")"
Stevia leaf extract (rebiana),Misspellings: Steeivia
Stevia leaf extract (rebiana),Stivia
Stevia leaf extract (rebiana),Steviaa
Stevia leaf extract (rebiana),Stevia leaf extract (rebiana)
Sucrose Acetate Isobutyrate,SAI
Sucrose Acetate Isobutyrate,SAI emulsifier
Sucrose Acetate Isobutyrate,SAI stabilizer
Sucrose Acetate Isobutyrate,SAI 414
Sucrose Acetate Isobutyrate,emulsifier SAI
Sucrose Acetate Isobutyrate,stabilizer SAI
Sucrose Acetate Isobutyrate,SAI ester
Sucrose Acetate Isobutyrate,SAI surfactant
Sucrose Acetate Isobutyrate,SAI food additive
Sucrose Acetate Isobutyrate,Sucrose Acetate Isobutyrate
Sugar (Sucrose),Granulated Sugar
Sugar (Sucrose),Crystalline Sucrose
Sugar (Sucrose),White Sugar
Sugar (Sucrose),Brown Sugar
Sugar (Sucrose),Raw Sugar
Sugar (Sucrose),Cane Sugar
Sugar (Sucrose),Beet Sugar
Sugar (Sucrose),Turbinado Sugar
Sugar (Sucrose),Demerara Sugar
Sugar (Sucrose),Muscovado Sugar
Sugar (Sucrose),Corn Sugar
Sugar (Sucrose),Fruit Sugar
Sugar (Sucrose),High-Fructose Corn Syrup (HFCS)
Sugar (Sucrose),Sucrose
Sugar (Sucrose),Dextrose
Sugar (Sucrose),Glucose
Sugar (Sucrose),Fructose
Sugar (Sucrose),Maltose
Sugar (Sucrose),Honey
Sugar (Sucrose),Maple Syrup
Sugar (Sucrose),Molasses
Sugar (Sucrose),Syrup
Sugar (Sucrose),Corn Syrup
Sugar (Sucrose),invert sugar
Sugar (Sucrose),confectioner's sugar
Sugar (Sucrose),powdered sugar
Sugar (Sucrose),icing sugar
Sugar (Sucrose),sugar blend
Sugar (Sucrose),fruit juice concentrate
Sugar (Sucrose),agave nectar
Sugar (Sucrose),evaporated cane juice.
Sugar (Sucrose),Sugar (Sucrose)
Sulfites,Sulfur Dioxide
Sulfites,SO2
Sulfites,Sodium Sulfite
Sulfites,Sodium Bisulfite
Sulfites,Potassium Bisulfite
Sulfites,Potassium Metabisulfite
Sulfites,Calcium Sulfite
Sulfites,Ammonium Sulfite
Sulfites,Sodium Metabisulfite
Sulfites,Potassium Sulfite
Sulfites,Sodium Sulfurous Acid
Sulfites,Preservative 220
Sulfites,Preservative 221
Sulfites,Preservative 222
Sulfites,Preservative 223
Sulfites,Preservative 224
Sulfites,E220
Sulfites,E221
Sulfites,E222
Sulfites,E223
Sulfites,E224
Sulfites,Dried vine white
Sulfites,Wine stabilizer
Sulfites,Ferrous sulfite
Sulfites,Sulfites
Artificial Colorings (Synthetic Food Dyes),Red 40
Artificial Colorings (Synthetic Food Dyes),Allura Red AC
Artificial Colorings (Synthetic Food Dyes),Food Red 17
Artificial Colorings (Synthetic Food Dyes),Erythrosine
Artificial Colorings (Synthetic Food Dyes),CI 16035
Artificial Colorings (Synthetic Food Dyes),Red 3
Artificial Colorings (Synthetic Food Dyes),CI 12050
Artificial Colorings (Synthetic Food Dyes),CI 16035
Artificial Colorings (Synthetic Food Dyes),Red 2G
Artificial Colorings (Synthetic Food Dyes),CI 12051
Artificial Colorings (Synthetic Food Dyes),CI 16035
Artificial Colorings (Synthetic Food Dyes),Yellow 5
Artificial Colorings (Synthetic Food Dyes),Tartrazine
Artificial Colorings (Synthetic Food Dyes),CI 19950
Artificial Colorings (Synthetic Food Dyes),Yellow 6
Artificial Colorings (Synthetic Food Dyes),Sunset Yellow FCF
Artificial Colorings (Synthetic Food Dyes),CI 15950
Artificial Colorings (Synthetic Food Dyes),Blue 1
Artificial Colorings (Synthetic Food Dyes),Brilliant Blue FCF
Artificial Colorings (Synthetic Food Dyes),CI 13320
Artificial Colorings (Synthetic Food Dyes),Blue 2
Artificial Colorings (Synthetic Food Dyes),Indigo Carmine
Artificial Colorings (Synthetic Food Dyes),CI 13880
Artificial Colorings (Synthetic Food Dyes),Green 3
Artificial Colorings (Synthetic Food Dyes),Fast Green FCF
Artificial Colorings (Synthetic Food Dyes),CI 14350
Artificial Colorings (Synthetic Food Dyes),Yellow 5
Artificial Colorings (Synthetic Food Dyes),CI 19950
Artificial Colorings (Synthetic Food Dyes),FD&C Red No. 5
Artificial Colorings (Synthetic Food Dyes),FD&C Yellow No. 5
Artificial Colorings (Synthetic Food Dyes),FD&C Red No. 40
Artificial Colorings (Synthetic Food Dyes),FD&C Yellow No. 6
Artificial Colorings (Synthetic Food Dyes),CI 19950
Artificial Colorings (Synthetic Food Dyes),Color Additive
Artificial Colorings (Synthetic Food Dyes),Color
Artificial Colorings (Synthetic Food Dyes),Colorant
Artificial Colorings (Synthetic Food Dyes),Artificial Color
Artificial Colorings (Synthetic Food Dyes),Synthetic Color
Artificial Colorings (Synthetic Food Dyes),Dye
Artificial Colorings (Synthetic Food Dyes),Artificial Colorings (Synthetic Food Dyes)
Tagatose,Alpha-D-Tagatose
Tagatose,D-Tagatose
Tagatose,Tagatose Syrup
Tagatose,Tagatose Powder
Tagatose,Tagatose Crystals
Tagatose,Tagatose Solution
Tagatose,3-deoxy-D-fructose
Tagatose,Tagatose
Tartaric Acid,L(+)-Tartaric Acid
Tartaric Acid,D(-)-Tartaric Acid
Tartaric Acid,(+)-Tartaric Acid
Tartaric Acid,Tartaric Acid Monohydrate
Tartaric Acid,Tartaric Acid Dihydrate
Tartaric Acid,Tartaric Acid Solution
Tartaric Acid,Cream of Tartar
Tartaric Acid,Wine Tartar
Tartaric Acid,Potassium Bitartrate
Tartaric Acid,Sodium Tartrate
Tartaric Acid,Calcium Tartrate
Tartaric Acid,Magnesium Tartrate
Tartaric Acid,Tartrate
Tartaric Acid,Tartaric Acid
Taurine,2-Aminoethanesulfonic acid
Taurine,2-Aminoethanethiol
Taurine,Aminoethanesulfonic Acid
Taurine,Tauroine
Taurine,N-Methyltaurine (rare)
Taurine,Taurine
TBHQ,tert-butylhydroquinone
TBHQ,tertiary butylhydroquinone
TBHQ,2
TBHQ,5-Dihydroxy-3-(tert-butyl)-1
TBHQ,4-benzenediol
TBHQ,E384
TBHQ,TBHQ antioxidant
TBHQ,Qu
TBHQ,tert-butyl hydroquinone
TBHQ,TBHQ
Blue 5,Brilliant Blue FCF
Blue 5,E133
Blue 5,Blue 5
Titanium Dioxide,TiO2
Titanium Dioxide,E171
Titanium Dioxide,Titanium White
Titanium Dioxide,CI 77891
Titanium Dioxide,Titanium(IV) Oxide
Titanium Dioxide,Titanium(IV) Oxide
Titanium Dioxide,Rutile
Titanium Dioxide,Anatase
Titanium Dioxide,Brookite
Titanium Dioxide,Pearl White
Titanium Dioxide,White Pigment
Titanium Dioxide,Dibutyl Titanium Dioxide
Titanium Dioxide,Diethylhexyl Titanium Dioxide
Titanium Dioxide,Polyethylene Terephthalate (PET) TiO2 composite
Titanium Dioxide,Titanium Dioxide
Torula Yeast,Nutritional Yeast
Torula Yeast,Autolyzed Yeast
Torula Yeast,Yeast Extract
Torula Yeast,Hydrolyzed Yeast
Torula Yeast,Deactivated Yeast
Torula Yeast,Inactive Yeast
Torula Yeast,Marmite (often contains Torula yeast)
Torula Yeast,Veggi-Lite
Torula Yeast,Flavorzyme
Torula Yeast,Yeast Condiment
Torula Yeast,Brewer's Dried Yeast (can be Torula)
Torula Yeast,Yeast Powder
Torula Yeast,Yeast Flakes
Torula Yeast,Saccharomyces cerevisiae (scientific name
Torula Yeast,often implied)
Torula Yeast,Yeast Amino Acids
Torula Yeast,Yeast Protein
Torula Yeast,Nutritional Yeast Flakes
Torula Yeast,Nooch
Torula Yeast,Torula Yeast
Trans Fat (Partially Hydrogenated Vegetable Oil),Partially Hydrogenated Oils
Trans Fat (Partially Hydrogenated Vegetable Oil),PHOs
Trans Fat (Partially Hydrogenated Vegetable Oil),Hydrogenated Vegetable Oil
Trans Fat (Partially Hydrogenated Vegetable Oil),Hydrogenated Oils
Trans Fat (Partially Hydrogenated Vegetable Oil),Vegetable Shortening
Trans Fat (Partially Hydrogenated Vegetable Oil),Solid Vegetable Fat
Trans Fat (Partially Hydrogenated Vegetable Oil),Fractionated Vegetable Oil
Trans Fat (Partially Hydrogenated Vegetable Oil),Interestered Oils
Trans Fat (Partially Hydrogenated Vegetable Oil),Trans Fatty Acids
Trans Fat (Partially Hydrogenated Vegetable Oil),Elaidin
Trans Fat (Partially Hydrogenated Vegetable Oil),Isolaurin
Trans Fat (Partially Hydrogenated Vegetable Oil),Dipalmitolein
Trans Fat (Partially Hydrogenated Vegetable Oil),Stearidoyl glycerol
Trans Fat (Partially Hydrogenated Vegetable Oil),Partially Hydrogenated Soybean Oil
Trans Fat (Partially Hydrogenated Vegetable Oil),Partially Hydrogenated Cottonseed Oil
Trans Fat (Partially Hydrogenated Vegetable Oil),Partially Hydrogenated Rapeseed Oil
Trans Fat (Partially Hydrogenated Vegetable Oil),Partially Hydrogenated Palm Oil
Trans Fat (Partially Hydrogenated Vegetable Oil),Partially Hydrogenated Palm Kernel Oil
Trans Fat (Partially Hydrogenated Vegetable Oil),Partially Hydrogenated Canola Oil.
Trans Fat (Partially Hydrogenated Vegetable Oil),Trans Fat (Partially Hydrogenated Vegetable Oil)
Transglutaminase,TG
Transglutaminase,Meat Glue
Transglutaminase,Actinase
Transglutaminase,K-TG
Transglutaminase,Microbial Transglutaminase
Transglutaminase,Enzyme
Transglutaminase,TGase
Transglutaminase,TG enzyme
Transglutaminase,Food Binder
Transglutaminase,Protein Cross-linker
Transglutaminase,Activa
Transglutaminase,Transglutaminase
Triacetin,Glycerol Triacetate
Triacetin,Glyceryl Triacetate
Triacetin,1
Triacetin,2
Triacetin,3-Triacetylglycerol
Triacetin,Triacetin
Triacetin,TAC
Triacetin,E1518 (Europe)
Triacetin,Triacetin
Ethyl Vanillin,Ethyl Vanilla
Ethyl Vanillin,Ethyl Vanillin (E1080)
Ethyl Vanillin,3-Ethoxy-4-hydroxybenzaldehyde
Ethyl Vanillin,Bourbon Ethyl Vanilla
Ethyl Vanillin,Artificial Vanilla Flavor
Ethyl Vanillin,Vanillic Alcohol Ethyl Ether
Ethyl Vanillin,Ethyl Vanillin
Vegetable Oil Sterols,Phytosterols
Vegetable Oil Sterols,Plant Sterols
Vegetable Oil Sterols,Sterols
Vegetable Oil Sterols,Vegetable Sterols
Vegetable Oil Sterols,Sitosterols
Vegetable Oil Sterols,Campesterols
Vegetable Oil Sterols,Stigmasterols
Vegetable Oil Sterols,Beta-Sitosterol
Vegetable Oil Sterols,Beta-Sitostanol
Vegetable Oil Sterols,Plant Stanols
Vegetable Oil Sterols,Sterol Esters
Vegetable Oil Sterols,Phytosteryl Palmitate
Vegetable Oil Sterols,Phytosteryl Stearate
Vegetable Oil Sterols,Phytosteryl Oleate
Vegetable Oil Sterols,Sitosteryl Palmitate
Vegetable Oil Sterols,Sitosteryl Stearate
Vegetable Oil Sterols,Sitosteryl Oleate
Vegetable Oil Sterols,Campesteryl Palmitate
Vegetable Oil Sterols,Campesteryl Stearate
Vegetable Oil Sterols,Campesteryl Oleate
Vegetable Oil Sterols,Stigmasteryl Palmitate
Vegetable Oil Sterols,Stigmasteryl Stearate
Vegetable Oil Sterols,Stigmasteryl Oleate
Vegetable Oil Sterols,Phytosterols
Vegetable Oil Sterols,Vegetable Oil Sterols
Vitamin B1 (Thiamin Mononitrate),Thiamin
Vitamin B1 (Thiamin Mononitrate),Vitamin B1
Vitamin B1 (Thiamin Mononitrate),Thiamine
Vitamin B1 (Thiamin Mononitrate),Thiamin Hydrochloride
Vitamin B1 (Thiamin Mononitrate),Thiamine HCl
Vitamin B1 (Thiamin Mononitrate),Vitamin B1 hydrochloride
Vitamin B1 (Thiamin Mononitrate),Thiamin Nitrate
Vitamin B1 (Thiamin Mononitrate),All-B1
Vitamin B1 (Thiamin Mononitrate),B1
Vitamin B1 (Thiamin Mononitrate),Vitamin B
Vitamin B1 (Thiamin Mononitrate),B-complex
Vitamin B1 (Thiamin Mononitrate),Thiamine mononitrate
Vitamin B1 (Thiamin Mononitrate),Tiamin
Vitamin B1 (Thiamin Mononitrate),Tiamina
Vitamin B1 (Thiamin Mononitrate),Tiamina mononitrate
Vitamin B1 (Thiamin Mononitrate),Vitamin B1 (Thiamin Mononitrate)
Vitamin B2 (Riboflavin),Riboflavin
Vitamin B2 (Riboflavin),Vitamin B2
Vitamin B2 (Riboflavin),B2
Vitamin B2 (Riboflavin),Adoflavin
Vitamin B2 (Riboflavin),Heteroflavin
Vitamin B2 (Riboflavin),Lactoflavin
Vitamin B2 (Riboflavin),Vitamin B2
Vitamin B2 (Riboflavin),Riboflavin Sodium Phosphate
Vitamin B2 (Riboflavin),Riboflavin-5-Phosphate
Vitamin B2 (Riboflavin),Riboflavin Palmitate
Vitamin B2 (Riboflavin),Riboflavin Hydrochloride
Vitamin B2 (Riboflavin),Riboflavin
Vitamin B2 (Riboflavin),Riboflavin enriched
Vitamin B2 (Riboflavin),Vitamin B2 enriched.
Vitamin B2 (Riboflavin),Vitamin B2 (Riboflavin)
Vitamin B3 (Niacin),Niacin
Vitamin B3 (Niacin),Nicotinic Acid
Vitamin B3 (Niacin),Nicotinamide
Vitamin B3 (Niacin),Vitamin B3
Vitamin B3 (Niacin),Vitamin B3 Niacinamide
Vitamin B3 (Niacin),B3
Vitamin B3 (Niacin),Nicotinic Acid Niacinamide
Vitamin B3 (Niacin),PP (historically)
Vitamin B3 (Niacin),Niaspan (brand name)
Vitamin B3 (Niacin),Vitamin B3 (Niacin)
Hydrolyzed Vegetable Protein,HVP
Hydrolyzed Vegetable Protein,Vegetable Protein
Hydrolyzed Vegetable Protein,Autolyzed Vegetable Protein
Hydrolyzed Vegetable Protein,Hydrolyzed Vegetable Protein
Vitamin B5,Pantothenic Acid
Vitamin B5,Pantothenate
Vitamin B5,Calcium Pantothenate
Vitamin B5,D-Pantothenic Acid
Vitamin B5,Pantothenic Acid Calcium Salt
Vitamin B5,Sodium Pantothenate
Vitamin B5,Pantothenol
Vitamin B5,D-Calcium Pantothenate
Vitamin B5,Pantothenic Acid Sodium
Vitamin B5,Vitamin B5
Vitamin B6 (Pyridoxine),Pyridoxine Hydrochloride
Vitamin B6 (Pyridoxine),Pyridoxal
Vitamin B6 (Pyridoxine),Pyridoxamine
Vitamin B6 (Pyridoxine),Pyridoxine
Vitamin B6 (Pyridoxine),Vitamin B6
Vitamin B6 (Pyridoxine),B6
Vitamin B6 (Pyridoxine),Adipic Acid
Vitamin B6 (Pyridoxine),Pyridoxal 5'-Phosphate (PLP)
Vitamin B6 (Pyridoxine),Pyridoxamine 5'-Phosphate
Vitamin B6 (Pyridoxine),B6 Hydrochloride
Vitamin B6 (Pyridoxine),Vitamin B6 Hydrochloride
Vitamin B6 (Pyridoxine),Pyridoxine HCl
Vitamin B6 (Pyridoxine),B6-P
Vitamin B6 (Pyridoxine),PLP
Vitamin B6 (Pyridoxine),Pyridoxal Phosphate
Vitamin B6 (Pyridoxine),Pyridoxamine Phosphate
Vitamin B6 (Pyridoxine),B6P
Vitamin B6 (Pyridoxine),Vitamin B6-P
Vitamin B6 (Pyridoxine),B6 Phosphate
Vitamin B6 (Pyridoxine),B6 Hydrochloride
Vitamin B6 (Pyridoxine),Vitamin B6 Hydrochloride
Vitamin B6 (Pyridoxine),Pyridoxol
Vitamin B6 (Pyridoxine),B6
Vitamin B6 (Pyridoxine),Vitamin B6
Vitamin B6 (Pyridoxine),Vitamin B6 supplement
Vitamin B6 (Pyridoxine),Pyridoxine
Vitamin B6 (Pyridoxine),Pyridoxamine
Vitamin B6 (Pyridoxine),Pyridoxal
Vitamin B6 (Pyridoxine),Pyridoxamine Hydrochloride
Vitamin B6 (Pyridoxine),Pyridoxal Hydrochloride
Vitamin B6 (Pyridoxine),Vitamin B6 supplement
Vitamin B6 (Pyridoxine),Vitamine B6
Vitamin B6 (Pyridoxine),Vitamine B6 supplement
Vitamin B6 (Pyridoxine),Pyridoxol Hydrochloride
Vitamin B6 (Pyridoxine),Vitamin B6 (Pyridoxine)
Vitamin C,Ascorbic Acid
Vitamin C,L-Ascorbic Acid
Vitamin C,Ascorbate
Vitamin C,Sodium Ascorbate
Vitamin C,Calcium Ascorbate
Vitamin C,Magnesium Ascorbate
Vitamin C,Tocopherol (sometimes used synergistically)
Vitamin C,Erythorbic Acid (related antioxidant)
Vitamin C,Dehydroacetic Acid (related antioxidant)
Vitamin C,Misspellings: Vitamine C
Vitamin C,Vit C
Vitamin C,Vitamin C
Vitamin D (D3),Vitamin D3
Vitamin D (D3),Cholecalciferol
Vitamin D (D3),1
Vitamin D (D3),25-Dihydroxycholecalciferol
Vitamin D (D3),1
Vitamin D (D3),25-D
Vitamin D (D3),Calciferol
Vitamin D (D3),Vitamin D3 (as cholecalciferol)
Vitamin D (D3),Vitamin D (D3)
Vitamin D (D3),D3
Vitamin D (D3),Calciferol D3
Vitamin D (D3),D-cholecalciferol
Vitamin D (D3),Vitamin D (as cholecalciferol)
Vitamin D (D3),misspellings: Vitamine D
Vitamin D (D3),Vitamine D3
Vitamin D (D3),related compounds: Vitamin D2 (ergocalciferol)
Vitamin D (D3),Vitamin D (D3)
Vitamin E (alpha tocopherol),Vitamin E
Vitamin E (alpha tocopherol),Tocopherol
Vitamin E (alpha tocopherol),d-alpha-tocopherol
Vitamin E (alpha tocopherol),dl-alpha-tocopherol
Vitamin E (alpha tocopherol),alpha-tocopherol acetate
Vitamin E (alpha tocopherol),Vitamin E acetate
Vitamin E (alpha tocopherol),Mixed Tocopherols
Vitamin E (alpha tocopherol),Natural Vitamin E
Vitamin E (alpha tocopherol),Vitamin E supplement
Vitamin E (alpha tocopherol),Tocopheryl Acetate
Vitamin E (alpha tocopherol),Tocopheryl
Vitamin E (alpha tocopherol),Vitamin E oil
Vitamin E (alpha tocopherol),d-alpha-tocopheryl succinate
Vitamin E (alpha tocopherol),Beta-carotene (often paired with Vitamin E)
Vitamin E (alpha tocopherol),Vitamin E (alpha tocopherol)
Yellow Prussiate of Soda,Sodium Yellow
Yellow Prussiate of Soda,Yellow Prussiate
Yellow Prussiate of Soda,Yellow 2
Yellow Prussiate of Soda,E102
Yellow Prussiate of Soda,Sodium Yellow 2
Yellow Prussiate of Soda,Food Yellow 5
Yellow Prussiate of Soda,Sodium 2-naphthol-6-sulfonate
Yellow Prussiate of Soda,Sodium 6-hydroxy-2-naphthol-3-sulfonate
Yellow Prussiate of Soda,Sodium 6-hydroxy-2-naphthalenesulfonate
Yellow Prussiate of Soda,Yellow Prussiate of Soda
